day_type,work_hours,screen_time_hours,meetings_count,breaks_taken,after_hours_work,sleep_hours,task_completion_rate,burnout_score,burnout_level
Weekday,9.59,11.86,4,2,0,7.55,91.2,19.17,Low
Weekend,7.38,10.33,4,1,0,6.69,82.0,29.7,Low
Weekend,6.31,8.92,1,2,0,8.87,80.6,32.93,Low
Weekday,8.34,10.7,4,1,1,8.13,70.0,45.47,Moderate
Weekend,6.97,9.83,1,2,0,5.85,67.1,51.61,Moderate
Weekday,7.24,9.09,1,4,0,7.53,69.1,54.16,Moderate
Weekday,8.09,11.64,6,3,1,5.04,58.4,68.83,Moderate
Weekday,7.15,9.98,3,4,0,5.89,46.9,78.89,High
Weekday,8.72,11.8,1,2,0,6.19,49.8,84.39,High
Weekend,5.93,9.17,0,4,0,7.88,55.6,83.86,High
Weekend,3.0,6.81,3,5,1,7.49,84.2,17.37,Low
Weekday,7.96,11.25,3,3,0,6.23,98.3,14.76,Low
Weekend,5.05,7.38,0,5,0,5.76,84.5,20.89,Low
Weekend,3.79,6.12,3,1,1,5.81,90.3,20.52,Low
Weekend,4.69,7.09,1,5,1,7.92,85.8,23.1,Low
Weekend,3.0,5.05,0,3,1,7.75,85.1,23.44,Low
Weekday,6.49,9.6,3,1,0,7.37,79.0,28.23,Low
Weekday,10.04,11.83,3,3,1,7.6,80.7,31.62,Low
Weekend,3.12,5.08,0,4,0,6.65,77.3,32.6,Low
Weekday,6.83,8.81,7,5,0,6.03,74.4,36.7,Low
Weekend,4.49,6.53,2,1,0,6.21,103.0,3.78,Low
Weekend,5.47,8.1,2,2,1,7.97,92.3,9.83,Low
Weekday,7.71,11.12,1,1,0,7.57,86.0,14.72,Low
Weekday,8.94,12.85,4,2,0,6.79,84.4,19.01,Low
Weekday,6.99,8.58,1,5,0,6.51,90.1,18.12,Low
Weekday,7.69,9.7,6,4,1,5.3,86.7,23.36,Low
Weekday,10.01,13.75,3,4,0,6.51,79.3,29.98,Low
Weekend,3.85,7.57,1,5,0,5.49,82.8,29.12,Low
Weekend,4.31,7.55,3,1,0,7.3,80.8,31.2,Low
Weekend,5.54,8.48,2,3,0,7.79,78.6,33.26,Low
Weekday,9.43,12.64,3,1,0,5.32,98.4,18.66,Low
Weekend,3.81,7.4,2,4,1,8.55,89.3,24.25,Low
Weekend,4.6,6.58,0,4,1,8.06,86.4,26.79,Low
Weekend,5.42,7.17,1,3,0,6.76,81.1,31.26,Low
Weekend,5.5,9.35,2,1,0,6.85,75.0,38.22,Low
Weekend,3.28,5.87,1,2,0,6.59,78.3,37.68,Low
Weekend,4.91,8.74,0,5,0,8.54,76.1,38.86,Low
Weekday,9.24,11.96,2,4,0,10.06,77.9,43.47,Moderate
Weekend,6.05,7.89,1,5,1,5.37,59.2,55.61,Moderate
Weekday,9.01,12.18,4,1,0,6.94,56.2,66.05,Moderate
Weekday,10.73,12.33,3,4,0,7.55,83.7,19.12,Low
Weekend,5.59,7.2,0,1,0,6.51,93.5,17.49,Low
Weekend,3.78,6.39,1,1,0,5.11,80.0,24.92,Low
Weekend,6.54,9.05,1,3,0,7.6,86.6,24.99,Low
Weekday,10.0,13.71,1,5,0,5.85,77.9,34.9,Low
Weekend,4.09,5.96,0,5,1,7.15,82.5,33.75,Low
Weekend,3.36,5.03,2,4,0,7.07,67.6,39.77,Low
Weekday,6.92,9.62,1,2,0,7.04,74.3,40.78,Moderate
Weekday,8.91,12.54,5,2,1,7.1,71.4,50.65,Moderate
Weekend,4.74,8.49,0,5,0,8.71,60.8,54.85,Moderate
Weekend,4.78,6.56,2,3,0,7.58,97.5,8.29,Low
Weekday,6.12,9.64,2,2,1,5.87,82.9,20.43,Low
Weekday,8.82,11.33,4,2,0,6.64,87.3,26.64,Low
Weekend,4.22,7.35,2,4,0,6.31,87.3,28.52,Low
Weekend,5.65,7.69,2,1,0,8.07,73.8,36.97,Low
Weekend,3.34,5.52,0,5,0,8.28,85.1,30.66,Low
Weekend,4.03,6.54,0,1,0,6.73,79.6,34.08,Low
Weekday,9.56,11.94,3,1,0,7.66,74.5,44.12,Moderate
Weekday,8.01,10.18,6,5,0,4.5,58.7,58.57,Moderate
Weekend,3.49,5.13,1,2,0,6.58,71.1,54.23,Moderate
Weekend,3.74,6.03,0,1,1,7.08,96.7,9.09,Low
Weekend,5.89,9.56,2,2,1,6.88,93.1,14.62,Low
Weekday,7.24,9.94,3,3,0,4.69,81.6,24.06,Low
Weekday,9.34,13.04,4,4,0,8.12,74.7,32.3,Low
Weekend,4.63,6.32,2,5,0,7.86,69.8,34.7,Low
Weekend,3.94,7.56,1,5,0,6.73,78.9,31.55,Low
Weekday,8.74,10.26,2,5,1,7.05,69.2,40.32,Moderate
Weekday,7.2,9.54,0,1,0,7.3,70.0,43.07,Moderate
Weekday,8.49,11.63,2,5,0,8.69,68.1,47.31,Moderate
Weekend,3.71,7.38,1,4,0,9.11,79.4,42.42,Moderate
Weekend,4.14,7.09,1,3,1,6.02,98.8,9.1,Low
Weekend,6.84,8.77,1,3,0,6.22,81.8,21.84,Low
Weekday,7.88,9.67,2,3,0,6.2,77.5,31.84,Low
Weekday,7.13,10.22,6,4,1,7.56,71.4,45.6,Moderate
Weekend,6.62,8.82,0,5,0,6.46,75.4,47.78,Moderate
Weekend,3.0,5.54,1,3,1,6.59,62.1,55.25,Moderate
Weekend,6.34,9.65,0,2,0,7.68,58.2,61.3,Moderate
Weekday,9.0,11.49,5,3,0,6.23,47.3,78.28,High
Weekday,7.69,10.24,4,2,0,5.61,42.3,91.17,High
Weekend,3.91,7.38,0,1,1,5.92,40.9,96.5,High
Weekend,6.89,9.89,1,1,1,6.56,86.4,16.7,Low
Weekend,4.01,6.06,2,4,1,8.43,95.9,14.02,Low
Weekday,9.24,12.51,0,2,1,7.58,81.2,25.29,Low
Weekend,3.49,5.18,1,3,0,7.52,94.2,19.95,Low
Weekend,3.94,6.1,0,2,1,7.95,79.8,26.72,Low
Weekend,3.0,6.45,2,2,1,6.86,79.5,28.62,Low
Weekend,3.88,7.04,0,1,1,6.13,85.7,28.29,Low
Weekend,5.19,8.24,0,1,1,6.3,82.8,32.5,Low
Weekend,5.03,9.03,0,5,0,5.48,75.8,36.75,Low
Weekday,5.98,8.84,2,4,1,6.53,71.8,41.86,Moderate
Weekend,4.33,7.87,0,3,0,6.7,90.2,12.76,Low
Weekday,8.29,10.67,2,1,0,6.66,89.0,21.98,Low
Weekend,4.6,6.84,2,5,1,7.0,89.2,25.3,Low
Weekday,8.07,9.92,6,2,0,8.96,59.2,46.19,Moderate
Weekday,6.18,8.02,4,1,1,7.07,63.6,52.92,Moderate
Weekend,4.75,7.27,0,2,0,8.12,64.1,53.89,Moderate
Weekend,3.0,4.52,0,4,1,9.33,67.4,51.02,Moderate
Weekday,8.29,10.24,2,1,0,4.68,58.7,64.32,Moderate
Weekday,7.78,10.9,4,2,1,5.08,52.2,79.07,High
Weekend,5.34,8.84,1,1,0,7.61,45.7,85.6,High
Weekday,6.85,9.33,0,5,0,6.26,91.8,17.07,Low
Weekday,7.7,10.39,3,1,0,6.34,83.2,30.46,Low
Weekday,6.58,10.54,0,3,0,6.21,70.2,41.38,Moderate
Weekend,5.77,9.67,1,2,1,6.32,59.7,53.2,Moderate
Weekend,3.98,7.67,0,4,1,7.95,56.4,56.39,Moderate
Weekend,4.81,8.61,1,3,1,6.75,55.2,62.21,Moderate
Weekend,5.32,8.85,1,1,0,6.53,54.1,67.77,Moderate
Weekend,5.13,7.5,1,5,0,4.5,54.3,71.46,High
Weekday,8.78,10.64,0,3,0,5.97,48.7,81.87,High
Weekday,9.19,12.68,1,1,0,6.3,41.1,95.98,High
Weekday,8.16,11.7,4,1,0,5.41,85.2,22.74,Low
Weekend,5.08,8.75,1,4,1,7.91,77.7,28.95,Low
Weekday,7.97,11.0,5,4,0,7.18,86.3,32.82,Low
Weekend,5.59,8.54,2,2,0,6.54,75.1,41.39,Moderate
Weekday,8.62,12.18,3,1,0,4.6,68.5,53.76,Moderate
Weekend,3.0,5.23,2,4,0,7.5,67.4,53.8,Moderate
Weekend,3.0,5.22,0,3,0,7.75,66.7,52.84,Moderate
Weekend,5.29,8.8,1,1,0,5.85,59.8,59.74,Moderate
Weekend,3.73,5.91,1,5,0,7.63,62.1,58.22,Moderate
Weekend,3.0,4.76,0,5,1,6.23,59.1,59.59,Moderate
Weekday,8.88,12.02,5,4,0,9.76,80.0,22.36,Low
Weekday,9.22,12.23,1,3,0,5.03,75.5,30.86,Low
Weekday,8.74,10.66,5,2,0,5.66,77.8,37.77,Low
Weekend,5.06,7.74,2,3,1,6.82,74.4,42.75,Moderate
Weekend,5.65,8.62,2,4,0,8.45,68.9,46.89,Moderate
Weekend,3.86,7.76,1,1,0,7.42,68.3,48.63,Moderate
Weekday,7.14,10.72,2,4,0,7.55,62.0,55.11,Moderate
Weekday,10.04,13.72,1,5,0,6.38,56.3,63.82,Moderate
Weekend,4.74,6.71,2,4,1,7.31,65.3,62.8,Moderate
Weekend,3.0,5.08,2,4,0,6.37,63.0,63.84,Moderate
Weekend,3.0,5.17,1,5,0,4.7,88.5,11.02,Low
Weekend,4.24,8.15,2,5,0,7.73,94.9,9.23,Low
Weekend,5.05,8.5,1,2,0,4.96,91.4,13.35,Low
Weekday,9.76,13.69,2,2,0,7.75,83.8,22.16,Low
Weekday,7.53,10.9,1,2,0,6.09,86.2,25.43,Low
Weekday,8.03,11.08,2,4,1,7.24,70.7,36.54,Low
Weekday,7.88,10.44,3,1,1,7.7,68.8,42.97,Moderate
Weekend,5.13,8.16,2,1,0,7.31,69.2,45.23,Moderate
Weekend,4.08,7.27,1,3,0,6.3,75.7,43.8,Moderate
Weekend,4.4,8.24,2,3,1,5.68,71.7,48.61,Moderate
Weekday,8.02,11.61,4,3,1,7.25,82.6,25.75,Low
Weekend,4.71,7.84,2,3,0,7.54,78.0,30.57,Low
Weekday,7.56,9.28,2,5,1,7.79,83.4,35.76,Low
Weekday,8.89,11.58,7,2,0,7.9,64.0,56.49,Moderate
Weekday,8.83,12.06,2,2,1,6.74,49.6,74.52,High
Weekday,9.96,13.02,3,1,0,8.69,40.0,90.0,High
Weekend,5.2,8.68,2,2,0,6.15,40.0,95.41,High
Weekday,7.87,10.43,4,3,0,5.39,40.0,105.92,High
Weekday,9.05,11.45,2,3,1,7.09,40.0,117.35,High
Weekday,5.69,9.32,0,5,1,8.65,40.0,120.7,High
Weekday,10.13,13.13,2,5,1,6.32,92.0,15.64,Low
Weekend,4.93,8.07,0,2,0,7.22,89.2,18.13,Low
Weekend,3.0,6.33,1,5,1,6.61,91.8,17.84,Low
Weekend,3.37,7.25,2,2,1,6.98,86.6,22.18,Low
Weekday,8.48,11.67,3,2,1,5.82,66.6,37.16,Low
Weekday,6.97,9.21,2,5,1,6.53,75.6,37.67,Low
Weekday,7.93,10.56,2,5,0,7.51,83.0,38.16,Low
Weekday,10.09,11.81,1,5,1,7.98,73.0,47.61,Moderate
Weekend,4.74,8.71,1,2,1,6.4,65.0,54.03,Moderate
Weekday,7.87,10.8,2,3,0,4.5,72.2,56.37,Moderate
Weekend,5.41,8.0,1,2,0,6.53,94.5,8.44,Low
Weekday,8.18,11.19,3,5,1,6.21,88.3,17.34,Low
Weekday,8.83,12.0,2,1,0,6.85,84.0,25.41,Low
Weekend,3.7,6.45,1,4,0,7.26,85.5,24.95,Low
Weekday,7.14,10.24,1,2,0,5.62,81.3,31.22,Low
Weekday,8.18,10.71,8,2,1,6.69,73.3,43.64,Moderate
Weekend,6.35,7.94,1,1,1,5.42,61.4,53.43,Moderate
Weekday,8.93,10.99,2,1,0,5.92,61.4,59.92,Moderate
Weekend,4.64,6.18,1,1,1,6.73,54.6,65.58,Moderate
Weekend,5.82,7.88,0,3,1,7.19,63.1,65.06,Moderate
Weekday,9.89,12.69,1,3,1,5.89,79.4,23.33,Low
Weekday,6.76,10.07,3,5,1,5.84,84.3,27.56,Low
Weekday,7.71,10.43,4,3,1,8.58,71.8,39.33,Low
Weekend,3.95,7.19,1,2,0,5.45,73.5,40.79,Moderate
Weekday,6.44,10.38,2,5,1,6.81,67.3,48.35,Moderate
Weekday,9.36,11.61,4,5,1,8.91,60.8,58.38,Moderate
Weekend,3.08,5.72,0,3,0,4.5,60.5,59.21,Moderate
Weekend,3.32,6.19,0,5,0,6.53,57.6,59.71,Moderate
Weekday,8.69,11.15,2,2,1,8.44,49.5,70.01,High
Weekend,3.35,5.57,3,3,1,8.01,63.2,66.46,Moderate
Weekday,7.88,11.39,4,1,1,7.64,82.0,26.85,Low
Weekday,8.65,10.52,5,3,0,6.39,72.3,40.81,Moderate
Weekend,4.05,6.41,1,4,1,5.89,64.0,47.27,Moderate
Weekday,10.07,11.93,1,4,1,6.76,73.7,53.77,Moderate
Weekday,9.07,12.06,3,1,0,7.46,54.6,71.39,High
Weekday,8.74,12.36,0,5,1,8.18,52.0,79.75,High
Weekend,4.87,6.47,1,2,0,8.72,52.3,80.81,High
Weekday,8.51,10.34,3,4,0,6.29,40.0,93.86,High
Weekend,4.19,5.88,0,4,1,8.05,40.0,94.83,High
Weekend,3.0,6.27,1,2,0,6.69,44.5,93.79,High
Weekend,4.02,6.25,1,3,0,5.99,88.1,14.65,Low
Weekend,3.0,6.94,1,1,1,8.04,95.6,13.5,Low
Weekend,4.89,7.58,3,2,0,5.01,86.5,21.44,Low
Weekday,7.92,11.19,2,1,1,4.99,88.3,29.53,Low
Weekend,4.8,7.9,2,1,1,6.91,69.8,41.44,Moderate
Weekend,4.4,7.86,0,1,0,5.38,69.0,44.41,Moderate
Weekend,5.1,7.15,2,5,0,6.64,66.9,47.11,Moderate
Weekend,4.32,5.88,1,4,0,6.33,71.0,46.36,Moderate
Weekday,6.87,9.97,1,4,0,6.95,66.2,51.99,Moderate
Weekday,9.33,12.35,4,4,0,7.08,69.9,58.24,Moderate
Weekend,5.97,8.73,0,3,0,4.96,80.2,19.01,Low
Weekend,4.63,6.8,0,1,1,6.72,79.2,22.18,Low
Weekend,6.83,8.38,1,1,1,6.15,84.0,25.61,Low
Weekend,6.85,8.53,2,4,0,6.55,70.1,34.73,Low
Weekend,5.35,7.41,0,1,1,7.77,74.3,35.97,Low
Weekend,4.51,7.58,2,1,0,8.39,71.1,39.1,Low
Weekend,4.56,7.3,1,1,1,6.81,70.1,42.83,Moderate
Weekend,3.83,7.12,1,2,1,7.78,73.4,43.55,Moderate
Weekday,9.91,13.76,3,4,1,7.55,65.9,54.85,Moderate
Weekend,6.58,10.51,2,2,0,6.02,59.5,62.24,Moderate
Weekday,9.82,12.08,1,2,1,8.05,74.0,26.38,Low
Weekday,9.68,13.48,5,3,1,7.01,76.2,33.16,Low
Weekend,5.81,7.99,2,3,0,6.86,78.4,34.59,Low
Weekday,7.91,11.02,4,1,0,5.59,75.8,41.41,Moderate
Weekend,4.9,8.73,0,5,0,7.82,69.5,44.38,Moderate
Weekend,6.91,10.31,1,4,0,7.24,65.2,48.79,Moderate
Weekday,8.22,9.97,6,3,0,6.25,58.2,57.26,Moderate
Weekday,5.37,8.7,2,5,0,7.89,68.3,54.6,Moderate
Weekend,4.71,7.96,1,3,0,6.74,54.2,61.68,Moderate
Weekday,6.99,9.09,2,4,0,5.16,55.4,64.74,Moderate
Weekday,11.64,15.41,2,3,1,8.32,84.5,23.31,Low
Weekend,3.27,5.89,0,1,0,5.68,87.1,23.08,Low
Weekend,4.32,6.48,0,5,0,7.02,86.3,23.29,Low
Weekday,7.65,9.45,1,3,0,9.16,86.6,25.85,Low
Weekend,5.81,7.87,3,5,1,7.9,76.4,33.04,Low
Weekday,9.43,13.38,4,1,0,6.42,70.4,43.19,Moderate
Weekday,7.85,9.78,2,5,0,8.25,70.2,46.36,Moderate
Weekday,7.84,11.22,1,5,0,8.12,67.2,50.73,Moderate
Weekday,7.57,9.55,6,2,0,8.87,56.7,60.06,Moderate
Weekend,3.75,6.23,1,1,1,7.53,59.3,60.96,Moderate
Weekday,7.37,10.76,5,5,0,7.43,78.5,26.46,Low
Weekend,3.07,6.94,0,5,0,7.46,83.8,22.97,Low
Weekday,8.26,11.99,3,4,1,5.39,74.6,37.69,Low
Weekday,6.54,9.15,1,4,0,7.95,73.3,41.7,Moderate
Weekend,3.66,7.03,1,4,0,6.94,69.9,43.7,Moderate
Weekday,9.72,12.32,2,4,1,8.12,71.0,53.25,Moderate
Weekend,5.51,7.23,3,5,0,6.09,75.9,55.11,Moderate
Weekday,9.06,11.33,2,2,0,4.81,56.2,73.31,High
Weekend,3.4,6.44,2,5,1,6.62,45.8,79.81,High
Weekday,9.53,11.62,3,5,0,7.24,43.2,89.43,High
Weekday,9.02,11.16,5,4,0,5.23,73.9,27.89,Low
Weekday,7.46,9.58,2,3,0,8.07,81.9,30.24,Low
Weekend,3.18,6.96,3,1,1,5.81,76.0,37.99,Low
Weekday,8.38,11.19,3,4,0,7.21,73.8,46.72,Moderate
Weekday,9.51,12.64,5,3,0,5.02,61.6,64.37,Moderate
Weekday,8.24,11.08,2,5,0,6.82,55.9,73.49,High
Weekend,4.44,7.8,0,3,0,6.49,56.0,75.22,High
Weekday,8.65,11.2,3,5,0,7.92,50.8,84.49,High
Weekend,4.92,8.39,1,2,0,7.5,44.7,89.82,High
Weekday,8.63,12.01,2,3,1,7.06,40.0,101.79,High
Weekend,5.83,8.2,1,4,0,6.17,88.5,15.86,Low
Weekend,5.13,8.29,1,2,1,7.87,95.1,17.23,Low
Weekday,7.69,11.26,2,2,0,8.11,77.7,30.19,Low
Weekend,5.07,6.79,2,2,1,7.0,88.0,30.5,Low
Weekend,6.49,10.12,1,2,0,8.91,70.3,41.17,Moderate
Weekend,6.55,8.34,1,1,0,7.86,71.8,44.52,Moderate
Weekend,4.33,5.87,1,5,0,7.5,82.4,40.2,Moderate
Weekend,4.16,7.26,0,2,0,8.3,77.6,42.55,Moderate
Weekend,3.0,5.75,1,3,0,7.87,67.9,45.85,Moderate
Weekday,8.12,12.11,4,5,1,6.93,68.3,54.61,Moderate
Weekend,3.87,7.47,0,3,1,8.64,92.3,12.88,Low
Weekday,9.38,12.82,3,4,0,7.15,89.8,22.11,Low
Weekend,3.0,6.94,0,2,1,6.98,82.8,26.63,Low
Weekday,8.17,9.72,4,2,1,7.87,64.0,42.74,Moderate
Weekday,8.49,11.91,5,1,0,6.17,58.9,54.81,Moderate
Weekend,3.0,5.4,2,4,1,5.89,62.6,55.47,Moderate
Weekend,4.54,8.37,0,2,0,6.54,59.5,58.91,Moderate
Weekday,8.86,10.65,2,1,1,7.04,67.1,65.03,Moderate
Weekday,7.74,10.91,3,2,0,6.05,56.2,77.02,High
Weekend,3.18,4.76,1,3,1,7.62,44.2,82.64,High
Weekday,7.26,9.03,2,5,1,7.49,88.9,18.35,Low
Weekend,4.52,7.89,0,2,1,5.09,76.9,29.02,Low
Weekday,8.6,12.6,2,2,0,7.93,76.8,38.9,Low
Weekday,8.16,11.09,2,1,0,7.32,64.4,53.47,Moderate
Weekend,3.35,5.67,0,2,1,7.0,72.4,52.26,Moderate
Weekday,8.48,11.8,3,2,1,7.78,50.5,73.28,High
Weekday,9.07,10.84,3,3,0,5.7,52.3,83.97,High
Weekday,7.76,11.02,3,5,0,7.22,40.0,96.82,High
Weekend,4.16,6.93,1,4,1,8.09,40.0,99.22,High
Weekend,3.45,5.01,0,2,0,7.35,40.0,98.64,High
Weekday,9.65,11.49,1,5,1,7.29,83.9,24.39,Low
Weekday,8.99,10.66,4,1,0,8.53,76.6,36.45,Low
Weekend,5.06,6.93,1,5,0,5.85,78.0,37.99,Low
Weekday,8.66,10.58,1,5,1,6.71,63.2,51.94,Moderate
Weekday,5.95,9.28,1,4,1,8.12,62.7,56.75,Moderate
Weekend,5.93,9.39,1,2,0,8.41,61.5,60.8,Moderate
Weekend,4.39,7.96,2,2,1,5.99,58.0,67.82,Moderate
Weekend,3.21,7.07,2,5,0,8.65,67.5,63.35,Moderate
Weekday,7.86,10.63,1,5,1,5.93,50.1,78.2,High
Weekday,8.19,11.12,4,2,0,7.41,48.2,87.92,High
Weekday,6.9,10.89,5,3,0,6.39,87.2,16.34,Low
Weekend,3.0,4.75,1,4,1,6.89,83.1,18.67,Low
Weekday,8.84,11.12,2,4,0,7.49,84.4,23.88,Low
Weekend,3.31,7.27,1,1,0,4.5,93.1,23.05,Low
Weekday,9.63,13.27,2,5,0,7.25,70.3,39.01,Low
Weekday,7.62,10.03,3,4,1,6.65,73.2,44.75,Moderate
Weekend,3.35,6.65,0,5,0,7.59,73.3,43.66,Moderate
Weekend,4.7,8.09,1,4,0,7.02,72.9,45.38,Moderate
Weekday,7.37,10.65,2,1,0,7.09,60.7,56.09,Moderate
Weekend,4.04,6.77,2,2,0,6.52,59.6,58.61,Moderate
Weekday,8.46,11.2,4,5,0,5.84,76.0,24.75,Low
Weekend,3.0,4.97,0,3,1,8.92,91.8,17.88,Low
Weekday,7.65,9.52,6,4,1,6.42,76.7,33.37,Low
Weekday,7.21,11.15,1,5,1,5.09,71.5,42.71,Moderate
Weekday,10.4,13.32,3,4,1,7.73,60.4,57.71,Moderate
Weekday,8.1,11.47,1,1,1,5.55,52.0,70.4,High
Weekend,4.54,6.47,1,1,1,9.59,58.2,70.14,High
Weekday,9.04,10.96,4,4,0,5.63,49.7,82.41,High
Weekend,3.2,5.56,1,3,0,9.9,54.9,78.59,High
Weekend,3.8,5.58,0,4,0,7.55,50.5,79.52,High
Weekday,7.74,10.81,3,3,0,7.45,85.0,20.75,Low
Weekday,9.64,13.26,5,2,0,8.14,79.6,37.36,Low
Weekday,8.82,11.47,3,3,0,7.83,65.8,53.41,Moderate
Weekday,8.79,12.11,3,4,1,7.76,58.4,68.94,Moderate
Weekend,6.1,7.82,3,4,0,6.14,54.4,76.87,High
Weekday,10.44,12.38,1,3,1,8.78,40.0,95.24,High
Weekday,10.29,11.92,3,4,1,6.77,40.0,110.22,High
Weekday,6.54,9.35,5,5,0,7.62,40.0,117.77,High
Weekday,10.15,14.03,4,2,1,8.79,40.0,134.04,High
Weekday,8.31,11.32,4,4,0,8.17,40.0,143.92,High
Weekend,6.02,7.77,0,4,0,6.28,89.7,16.68,Low
Weekday,7.22,10.74,6,3,0,6.55,71.5,34.73,Low
Weekday,8.01,10.65,3,2,0,5.74,71.5,45.12,Moderate
Weekday,9.01,10.95,5,3,1,5.21,61.1,64.26,Moderate
Weekday,7.91,10.98,4,5,0,4.83,52.8,77.92,High
Weekday,9.74,13.26,3,4,0,7.72,40.0,93.98,High
Weekday,6.25,9.12,2,2,0,6.37,40.0,100.57,High
Weekday,9.97,12.38,2,1,1,5.86,40.0,115.47,High
Weekday,8.91,11.08,1,2,0,5.7,40.0,125.49,High
Weekday,7.35,9.78,7,5,0,7.94,40.0,134.61,High
Weekday,8.5,10.55,2,5,1,6.22,84.6,22.33,Low
Weekend,6.13,10.1,1,1,0,6.38,79.2,29.27,Low
Weekday,9.59,12.12,6,2,1,5.69,68.6,45.52,Moderate
Weekend,5.16,7.5,1,4,0,7.62,66.0,47.94,Moderate
Weekend,4.23,6.83,3,5,1,5.85,56.7,55.24,Moderate
Weekend,5.72,8.95,1,2,0,6.22,59.3,57.97,Moderate
Weekend,3.67,5.47,2,4,1,8.46,57.5,59.8,Moderate
Weekday,8.37,10.29,4,2,1,6.51,57.4,68.82,Moderate
Weekday,8.55,10.69,6,1,0,8.09,52.3,79.32,High
Weekday,8.4,10.69,1,2,0,7.01,42.5,89.1,High
Weekday,8.0,11.66,2,1,1,6.37,83.6,21.47,Low
Weekday,10.27,13.91,2,4,0,8.53,73.8,35.11,Low
Weekend,3.45,6.49,0,1,0,8.12,80.2,32.62,Low
Weekday,7.45,9.78,2,2,1,9.16,76.4,41.61,Moderate
Weekend,4.96,6.75,0,5,0,5.69,73.1,44.41,Moderate
Weekday,8.28,10.18,5,4,0,6.26,68.3,56.09,Moderate
Weekend,3.2,5.11,1,3,0,7.67,58.7,59.21,Moderate
Weekend,4.04,7.2,0,5,1,4.74,67.0,59.28,Moderate
Weekend,4.4,7.56,0,3,1,6.77,59.9,65.46,Moderate
Weekday,6.47,10.13,3,3,1,4.5,43.7,82.19,High
Weekday,7.76,11.65,1,4,0,8.56,90.0,16.3,Low
Weekend,3.94,7.17,0,4,0,6.46,92.0,15.82,Low
Weekday,8.5,10.8,3,2,0,6.66,83.6,23.79,Low
Weekend,4.22,7.83,0,3,1,6.63,77.7,27.79,Low
Weekend,3.11,6.66,1,3,0,9.1,87.4,23.42,Low
Weekday,9.73,12.15,5,3,0,7.48,85.4,29.83,Low
Weekend,3.0,5.14,1,3,0,5.95,78.5,32.74,Low
Weekend,3.96,7.46,1,2,0,6.91,79.8,33.25,Low
Weekday,7.48,10.63,3,1,1,6.41,71.2,42.01,Moderate
Weekday,8.93,11.04,1,4,1,6.73,67.4,48.11,Moderate
Weekday,7.81,9.84,0,4,0,7.04,80.4,19.91,Low
Weekday,11.03,14.09,2,2,0,5.98,82.4,25.67,Low
Weekend,3.99,7.66,1,5,0,7.82,94.7,20.84,Low
Weekday,10.32,12.6,1,3,0,9.0,82.0,30.2,Low
Weekend,3.26,4.8,0,1,0,6.4,77.3,32.23,Low
Weekday,8.58,12.09,1,1,0,5.54,79.6,36.3,Low
Weekday,8.04,11.84,2,2,1,9.11,67.8,45.49,Moderate
Weekday,8.5,12.26,9,2,1,7.2,62.9,55.36,Moderate
Weekend,6.36,10.15,2,3,1,7.96,64.5,58.19,Moderate
Weekend,3.37,7.36,0,1,0,7.56,67.1,57.56,Moderate
Weekend,6.42,8.82,0,3,0,6.63,90.2,17.38,Low
Weekend,5.65,8.33,1,2,0,5.69,80.1,25.47,Low
Weekday,5.94,8.88,4,5,0,5.86,75.8,32.1,Low
Weekend,3.0,4.7,0,1,0,6.86,79.1,30.59,Low
Weekend,5.63,8.4,1,1,0,6.82,78.2,34.72,Low
Weekend,7.08,8.78,0,4,1,7.68,66.5,43.74,Moderate
Weekday,9.33,13.18,2,1,0,7.65,60.8,54.58,Moderate
Weekend,3.0,6.26,1,1,1,6.17,61.3,57.23,Moderate
Weekend,3.3,6.94,1,1,0,6.28,68.7,56.02,Moderate
Weekday,9.06,12.67,1,3,0,5.82,48.8,71.81,High
Weekday,8.82,10.8,4,3,1,6.68,82.9,26.43,Low
Weekend,5.08,7.4,3,3,1,7.27,76.6,33.72,Low
Weekday,8.2,10.64,3,4,1,6.27,67.6,46.01,Moderate
Weekday,12.14,15.22,1,1,0,5.17,64.2,60.03,Moderate
Weekend,3.49,6.38,1,5,1,6.02,54.0,66.01,Moderate
Weekend,3.93,7.14,2,4,0,6.45,47.3,70.4,High
Weekend,4.28,6.62,2,3,0,6.05,56.5,69.1,Moderate
Weekend,4.29,7.61,0,5,1,6.3,52.7,72.87,High
Weekday,9.98,12.74,2,2,1,5.51,42.7,88.42,High
Weekday,8.35,12.1,2,5,1,6.54,40.0,97.76,High
Weekday,9.53,11.8,4,4,0,8.02,81.8,24.88,Low
Weekend,5.51,8.18,0,3,1,6.92,81.7,29.62,Low
Weekend,4.95,6.78,1,2,0,6.96,76.7,34.35,Low
Weekday,9.56,11.73,3,4,1,6.14,66.0,51.07,Moderate
Weekend,4.21,7.77,2,4,0,6.67,72.5,50.96,Moderate
Weekend,3.0,6.9,3,2,1,5.24,66.0,59.05,Moderate
Weekday,8.47,12.23,2,4,0,5.01,47.8,76.15,High
Weekend,5.35,7.87,1,4,1,7.9,44.2,81.53,High
Weekday,7.63,11.2,1,4,0,6.47,40.8,89.69,High
Weekday,6.86,10.67,3,1,0,8.14,40.0,97.46,High
Weekday,9.7,12.8,4,4,1,6.74,82.8,30.28,Low
Weekend,6.03,7.76,1,4,0,7.15,76.2,36.45,Low
Weekday,8.77,10.9,5,2,0,10.09,66.5,50.36,Moderate
Weekday,8.76,10.32,1,5,1,7.99,58.4,62.34,Moderate
Weekend,5.38,7.91,1,1,1,6.82,50.6,72.38,High
Weekday,7.4,10.03,1,3,0,7.77,49.2,79.17,High
Weekday,9.58,11.26,2,2,0,10.8,40.9,90.61,High
Weekday,6.62,8.76,1,1,0,7.25,44.6,95.34,High
Weekend,3.76,6.4,1,3,0,8.64,47.5,93.89,High
Weekend,3.1,6.3,1,1,0,7.07,40.0,98.17,High
Weekday,7.55,11.09,0,2,1,6.77,90.4,21.29,Low
Weekend,3.0,4.62,1,1,0,8.78,78.0,25.26,Low
Weekday,8.36,12.08,1,1,0,6.07,66.8,39.18,Low
Weekday,8.1,9.64,1,5,0,6.94,80.8,39.19,Low
Weekend,5.12,8.95,1,2,0,6.65,63.1,50.34,Moderate
Weekday,8.97,12.25,1,1,0,6.38,49.9,65.5,Moderate
Weekend,3.26,6.96,1,5,0,8.47,65.8,57.88,Moderate
Weekend,5.44,7.09,0,4,0,5.48,55.4,64.71,Moderate
Weekday,5.36,9.3,2,5,1,7.34,65.9,65.68,Moderate
Weekend,6.35,9.66,2,3,0,6.32,53.3,76.75,High
Weekend,5.29,6.91,1,3,1,7.53,88.3,13.86,Low
Weekday,9.19,11.4,2,3,0,8.24,93.5,18.1,Low
Weekday,7.58,9.85,1,1,1,6.32,79.0,31.17,Low
Weekend,3.18,6.84,0,2,1,5.1,85.1,31.46,Low
Weekday,8.15,11.49,2,3,1,8.82,76.9,41.46,Moderate
Weekend,6.98,9.24,2,4,1,7.26,63.0,52.58,Moderate
Weekday,9.34,13.14,4,4,0,6.86,51.1,65.87,Moderate
Weekend,5.49,8.91,2,3,0,6.33,66.3,63.55,Moderate
Weekday,8.46,11.05,6,1,0,6.68,55.8,77.13,High
Weekday,8.03,11.29,0,1,0,7.09,45.6,86.9,High
Weekend,3.97,6.18,1,3,1,7.98,94.3,10.29,Low
Weekend,4.1,7.43,1,1,1,6.72,90.6,16.54,Low
Weekend,5.22,7.13,1,4,0,7.87,86.7,19.66,Low
Weekend,3.98,6.08,1,5,0,7.82,83.3,20.45,Low
Weekend,3.13,4.72,1,2,1,6.15,90.7,20.0,Low
Weekday,7.58,11.07,1,1,1,7.5,77.2,34.62,Low
Weekday,9.28,12.74,4,3,0,5.95,62.6,52.47,Moderate
Weekday,9.12,12.18,3,3,1,6.12,53.5,68.78,Moderate
Weekend,4.38,7.96,4,5,0,6.97,50.8,73.27,High
Weekend,4.37,7.12,0,3,0,5.9,62.0,70.7,High
Weekday,10.59,13.19,7,2,0,4.76,83.4,25.87,Low
Weekend,4.43,6.24,1,3,1,7.53,68.8,33.36,Low
Weekday,7.17,9.33,3,2,0,7.57,79.0,33.14,Low
Weekday,7.63,9.96,7,1,0,7.02,73.3,41.72,Moderate
Weekday,11.07,14.66,4,3,1,7.03,67.8,52.59,Moderate
Weekend,4.33,7.81,1,4,0,7.06,51.2,60.13,Moderate
Weekend,5.38,9.08,1,4,1,8.07,63.4,57.65,Moderate
Weekday,9.57,11.11,0,5,0,4.64,71.9,59.02,Moderate
Weekend,3.89,5.68,3,2,0,7.78,61.5,64.3,Moderate
Weekend,4.08,6.32,0,2,1,7.32,63.2,65.04,Moderate
Weekday,7.18,8.8,2,3,1,9.34,79.7,18.09,Low
Weekday,8.8,12.08,5,4,0,8.06,82.3,26.0,Low
Weekday,8.53,11.95,4,2,1,8.08,79.9,37.54,Low
Weekend,3.24,6.14,1,4,0,5.17,75.6,40.24,Moderate
Weekday,8.38,10.49,7,2,0,8.1,58.8,57.0,Moderate
Weekend,4.54,6.15,1,3,0,6.94,64.6,56.09,Moderate
Weekday,9.93,11.67,5,4,0,6.28,58.8,69.26,Moderate
Weekend,3.0,4.65,3,4,1,7.33,44.7,76.68,High
Weekday,7.1,8.68,5,2,0,8.1,45.8,83.14,High
Weekend,3.83,5.52,0,4,0,7.11,46.6,82.17,High
Weekend,3.0,5.6,2,1,1,7.1,90.6,14.34,Low
Weekday,7.4,10.85,2,5,1,6.35,78.6,25.11,Low
Weekday,7.52,9.91,1,3,0,7.78,74.5,30.62,Low
Weekend,3.72,6.05,0,5,0,7.28,81.1,27.19,Low
Weekend,3.8,7.73,0,3,0,5.17,88.8,25.59,Low
Weekend,5.39,9.35,0,5,1,5.66,84.5,30.81,Low
Weekday,8.11,11.86,0,3,0,6.21,72.9,40.63,Moderate
Weekday,8.44,11.65,3,3,1,9.59,72.2,47.35,Moderate
Weekend,3.0,6.85,0,1,1,5.54,61.0,54.32,Moderate
Weekday,9.58,11.37,0,4,0,5.75,62.5,59.61,Moderate
Weekend,3.0,6.5,1,2,1,6.82,89.7,11.9,Low
Weekend,3.28,6.88,0,3,0,6.67,98.5,8.46,Low
Weekend,3.0,6.62,0,5,1,6.79,85.9,13.77,Low
Weekday,9.26,12.36,3,3,0,7.22,91.2,15.85,Low
Weekday,8.73,12.0,5,3,0,8.2,89.4,20.71,Low
Weekday,10.52,12.19,0,2,1,8.35,79.7,28.97,Low
Weekday,8.19,10.3,7,4,0,6.9,71.4,36.7,Low
Weekday,8.86,12.67,1,3,1,6.06,81.2,37.38,Low
Weekend,5.51,8.32,0,5,0,7.49,75.5,40.28,Moderate
Weekend,4.89,7.12,1,1,0,6.06,80.5,39.88,Low
Weekday,11.13,14.85,4,3,0,6.33,88.7,17.44,Low
Weekday,7.76,9.59,0,2,0,5.74,88.3,20.17,Low
Weekend,4.15,7.91,1,2,0,7.08,89.7,20.5,Low
Weekend,5.54,7.5,3,4,0,8.78,82.1,24.57,Low
Weekend,6.11,7.92,1,3,1,7.95,73.6,29.81,Low
Weekend,4.24,7.17,0,2,0,7.37,85.2,25.64,Low
Weekday,10.57,13.43,3,1,0,4.8,78.3,33.81,Low
Weekday,7.72,9.36,0,2,1,6.98,77.3,37.05,Low
Weekday,8.52,11.4,2,4,0,6.89,72.8,41.84,Moderate
Weekend,4.41,8.09,0,2,0,7.88,72.5,42.5,Moderate
Weekday,9.82,13.4,1,2,0,7.53,92.6,14.68,Low
Weekend,4.31,7.02,2,4,1,8.51,88.5,17.53,Low
Weekend,3.0,6.74,1,4,0,8.84,98.3,13.0,Low
Weekday,8.76,12.01,1,5,1,7.72,91.1,19.65,Low
Weekday,9.02,12.44,2,4,1,6.14,81.8,28.38,Low
Weekday,7.27,9.11,3,4,1,4.94,77.1,34.51,Low
Weekend,4.9,6.41,2,4,0,6.29,79.1,34.9,Low
Weekday,6.86,9.73,2,2,0,8.16,77.4,38.11,Low
Weekend,4.43,7.42,2,5,1,8.2,75.2,40.22,Moderate
Weekday,6.44,9.74,2,5,1,5.87,71.3,45.03,Moderate
Weekday,8.33,10.41,2,3,1,7.49,87.4,14.95,Low
Weekday,10.98,12.49,9,3,0,5.28,80.2,26.37,Low
Weekend,6.69,9.64,0,5,0,6.94,79.8,28.29,Low
Weekday,9.42,11.77,3,3,1,7.81,83.3,32.55,Low
Weekday,9.61,11.19,4,4,1,6.51,75.1,41.99,Moderate
Weekend,4.6,7.11,3,3,0,5.76,71.5,45.56,Moderate
Weekend,4.42,7.69,1,1,0,7.46,75.1,45.44,Moderate
Weekday,9.37,12.93,5,5,0,8.0,57.4,57.66,Moderate
Weekend,5.46,7.59,0,4,0,7.33,58.3,58.12,Moderate
Weekday,7.23,10.57,3,5,0,8.94,65.1,57.97,Moderate
Weekend,5.74,8.82,0,5,0,7.9,96.0,8.94,Low
Weekend,3.19,4.78,2,2,0,6.72,93.8,10.75,Low
Weekend,4.58,7.74,1,2,0,6.67,83.1,17.83,Low
Weekday,11.88,15.7,2,2,1,6.27,74.3,36.68,Low
Weekend,4.04,6.48,1,1,0,6.81,79.4,36.75,Low
Weekend,3.47,6.14,0,5,0,7.87,87.5,31.89,Low
Weekday,8.41,11.46,3,1,0,5.23,66.6,50.7,Moderate
Weekend,4.13,7.28,0,1,0,8.75,63.0,52.78,Moderate
Weekend,4.42,7.17,0,2,0,7.09,70.0,51.43,Moderate
Weekday,10.05,13.6,3,3,0,8.06,61.1,65.12,Moderate
Weekday,9.2,10.73,2,5,0,5.57,87.6,17.89,Low
Weekend,3.44,7.15,4,2,1,7.34,89.0,19.81,Low
Weekday,8.51,11.45,2,2,0,7.01,93.3,22.38,Low
Weekend,4.54,6.6,0,1,0,6.98,81.4,28.1,Low
Weekday,7.69,9.55,3,5,0,4.65,74.7,34.72,Low
Weekend,5.39,7.93,1,5,0,6.55,79.3,34.07,Low
Weekend,5.53,8.67,0,1,1,6.88,69.4,40.84,Moderate
Weekend,5.99,8.84,0,1,0,9.86,73.4,40.38,Moderate
Weekday,8.68,10.58,4,5,1,8.94,61.6,49.53,Moderate
Weekend,3.4,6.13,2,2,0,7.18,74.8,44.98,Moderate
Weekday,8.3,10.26,3,4,0,6.69,82.2,20.88,Low
Weekday,6.97,8.75,3,3,1,10.21,88.6,23.95,Low
Weekday,10.61,12.96,4,3,1,6.88,66.1,46.42,Moderate
Weekend,4.34,7.13,1,4,1,6.49,65.2,50.07,Moderate
Weekend,3.09,5.75,0,1,0,5.46,76.4,46.8,Moderate
Weekday,8.21,10.67,6,2,1,9.49,68.9,60.2,Moderate
Weekend,4.75,7.7,0,1,1,6.18,44.5,74.74,High
Weekday,6.45,8.58,5,4,0,6.42,53.7,77.76,High
Weekday,7.37,10.08,1,5,1,6.75,55.2,83.77,High
Weekday,8.55,12.26,0,3,0,7.72,40.0,96.31,High
Weekend,4.67,6.46,0,3,1,6.04,96.5,8.22,Low
Weekday,7.37,10.22,0,1,0,7.8,88.9,14.27,Low
Weekend,4.73,7.51,4,5,1,6.9,84.7,18.85,Low
Weekday,9.26,11.69,0,2,0,6.37,81.6,24.69,Low
Weekday,9.0,11.39,3,2,1,7.93,83.9,29.7,Low
Weekend,6.43,8.67,0,1,1,8.94,78.1,34.75,Low
Weekday,8.73,10.33,3,4,1,9.76,66.9,43.62,Moderate
Weekday,9.61,13.27,2,5,0,6.8,67.3,48.46,Moderate
Weekend,5.55,7.79,0,4,1,6.89,72.1,48.67,Moderate
Weekend,3.85,5.63,2,3,1,7.52,63.0,53.79,Moderate
Weekend,5.63,7.22,2,1,1,6.62,93.8,12.97,Low
Weekend,4.19,8.02,2,1,1,6.67,86.6,19.27,Low
Weekend,5.84,8.54,1,5,0,5.59,85.6,21.98,Low
Weekend,5.51,7.77,4,3,1,5.83,79.1,29.28,Low
Weekday,8.01,10.91,0,5,1,6.77,84.0,31.68,Low
Weekday,9.7,12.3,4,5,0,6.75,77.8,40.41,Moderate
Weekday,9.14,10.91,2,5,0,4.84,69.9,49.1,Moderate
Weekday,9.14,11.31,4,4,1,6.19,58.8,60.81,Moderate
Weekend,5.61,7.53,1,4,0,7.23,61.9,61.05,Moderate
Weekday,9.44,12.39,5,5,1,9.44,59.7,68.45,Moderate
Weekday,9.07,12.94,0,2,0,8.44,84.9,20.31,Low
Weekday,9.14,10.93,2,2,0,4.89,77.9,31.21,Low
Weekend,5.15,7.72,1,2,0,9.09,78.2,32.48,Low
Weekend,4.58,6.3,2,1,0,6.86,70.7,38.02,Low
Weekend,3.0,5.43,1,1,0,6.94,77.5,35.84,Low
Weekday,6.98,9.75,3,4,0,8.51,72.2,41.99,Moderate
Weekday,7.6,9.81,4,3,0,8.17,65.4,50.28,Moderate
Weekday,10.04,12.92,2,3,0,5.83,58.2,61.71,Moderate
Weekend,4.29,7.66,2,1,0,9.29,57.1,63.69,Moderate
Weekend,3.98,7.51,1,2,1,8.29,52.2,67.96,Moderate
Weekday,8.9,12.13,6,5,1,7.27,81.9,27.52,Low
Weekend,5.12,7.18,3,2,1,5.8,77.8,36.44,Low
Weekday,8.11,10.22,3,5,0,6.62,69.6,47.39,Moderate
Weekday,9.33,12.84,1,5,1,6.93,64.6,59.71,Moderate
Weekday,8.98,11.76,2,5,0,5.9,58.3,71.25,High
Weekend,3.94,6.05,1,5,1,7.34,52.3,75.26,High
Weekend,4.59,8.41,0,4,0,5.2,50.6,78.72,High
Weekday,4.8,7.32,3,1,0,7.0,45.7,85.42,High
Weekend,5.23,7.17,2,3,0,7.69,43.4,89.24,High
Weekend,4.24,8.01,0,3,0,6.07,44.1,91.05,High
Weekday,7.33,9.28,1,4,0,7.94,89.7,14.01,Low
Weekend,3.51,7.3,0,4,0,5.02,90.8,14.55,Low
Weekday,10.48,13.07,4,2,0,5.98,79.4,29.03,Low
Weekday,9.57,13.41,6,5,0,8.25,76.2,38.56,Low
Weekend,5.27,7.42,0,2,0,7.8,70.2,42.39,Moderate
Weekend,4.85,7.19,2,3,1,5.4,65.0,48.86,Moderate
Weekend,6.01,9.21,0,4,1,7.45,62.8,53.17,Moderate
Weekday,9.44,11.31,2,2,0,7.91,56.1,62.42,Moderate
Weekend,5.1,6.86,0,4,1,6.24,60.3,63.37,Moderate
Weekend,5.14,6.73,1,4,1,7.9,59.6,65.93,Moderate
Weekend,3.69,6.21,0,1,0,6.24,92.2,8.88,Low
Weekday,7.64,11.5,3,1,1,6.0,92.0,14.0,Low
Weekend,3.0,5.86,0,5,1,6.39,88.6,15.61,Low
Weekday,9.64,12.41,6,2,0,5.95,81.7,24.29,Low
Weekend,5.4,8.41,1,5,0,7.26,89.8,22.03,Low
Weekend,7.04,9.2,1,5,0,8.69,82.8,26.18,Low
Weekday,9.45,13.11,2,2,0,6.5,88.7,28.47,Low
Weekend,5.11,8.75,2,5,0,7.61,79.7,33.15,Low
Weekend,4.56,6.68,2,1,0,6.41,78.6,35.24,Low
Weekend,5.07,7.81,0,2,0,7.19,73.1,38.45,Low
Weekend,7.56,10.65,0,1,1,6.37,87.4,22.51,Low
Weekday,7.12,10.28,5,5,0,7.05,81.5,31.1,Low
Weekday,6.8,10.59,5,2,1,5.74,64.4,47.37,Moderate
Weekend,7.69,9.85,0,1,1,6.8,66.6,53.32,Moderate
Weekend,3.26,6.66,2,3,0,8.58,69.9,52.13,Moderate
Weekend,3.51,6.04,0,3,0,7.17,70.7,51.53,Moderate
Weekday,9.27,12.63,2,5,1,6.87,61.4,63.9,Moderate
Weekday,9.1,11.56,1,2,0,7.64,51.1,74.72,High
Weekday,10.24,13.11,6,3,1,6.68,40.0,91.83,High
Weekday,7.88,10.04,5,1,0,7.74,40.0,99.64,High
Weekday,7.1,10.06,1,4,1,8.79,92.8,11.15,Low
Weekend,3.53,6.55,5,1,1,7.85,80.2,20.4,Low
Weekday,9.27,12.24,1,3,1,7.93,77.8,28.58,Low
Weekend,4.55,6.26,1,3,1,8.89,77.4,30.29,Low
Weekend,4.15,7.2,1,1,0,6.23,87.1,28.68,Low
Weekend,3.52,5.33,0,4,1,5.61,75.7,34.58,Low
Weekend,4.4,6.42,1,5,0,7.65,83.1,31.68,Low
Weekend,3.52,7.36,0,1,0,6.28,83.4,32.94,Low
Weekday,9.05,10.73,2,2,0,7.6,74.3,42.81,Moderate
Weekday,8.11,10.88,4,1,0,9.4,77.2,47.78,Moderate
Weekday,9.38,12.6,2,2,0,6.87,88.6,17.14,Low
Weekday,9.21,12.8,4,4,0,7.63,89.0,22.02,Low
Weekend,4.18,7.57,2,3,0,4.92,86.2,25.14,Low
Weekend,5.62,7.83,0,3,0,8.09,90.9,24.13,Low
Weekday,9.43,11.65,1,1,0,5.94,86.8,30.92,Low
Weekend,4.7,7.66,0,4,1,6.91,75.0,37.17,Low
Weekday,7.16,9.91,8,5,0,9.09,76.7,40.56,Moderate
Weekend,4.23,5.96,2,5,1,8.13,71.7,43.55,Moderate
Weekday,6.04,9.1,2,1,0,7.99,70.8,46.49,Moderate
Weekday,7.98,11.06,1,4,0,5.15,62.7,53.64,Moderate
Weekday,8.29,11.76,2,4,0,7.64,87.9,20.68,Low
Weekday,9.31,11.68,4,3,1,7.93,78.0,38.45,Low
Weekday,8.4,10.51,1,4,0,8.0,69.2,48.94,Moderate
Weekday,7.1,9.36,4,5,1,7.23,54.1,64.65,Moderate
Weekend,4.67,6.99,0,3,0,7.56,58.4,64.02,Moderate
Weekend,5.35,7.86,2,4,1,7.98,56.6,69.92,Moderate
Weekday,8.4,10.1,1,4,0,7.79,58.8,75.96,High
Weekend,4.17,8.14,1,3,1,5.78,41.1,88.66,High
Weekend,4.08,7.24,0,2,0,8.22,41.1,89.22,High
Weekend,5.75,9.14,0,5,0,7.98,49.1,88.04,High
Weekend,4.09,7.31,2,2,0,6.9,84.6,14.46,Low
Weekend,5.31,7.99,0,3,1,7.14,91.4,16.47,Low
Weekday,8.4,11.86,2,4,0,5.46,77.3,32.46,Low
Weekday,6.79,9.67,6,3,1,7.1,64.5,49.64,Moderate
Weekend,4.11,6.23,2,5,1,9.82,63.9,50.79,Moderate
Weekday,6.72,8.3,3,4,0,7.04,62.6,57.53,Moderate
Weekday,10.01,11.54,2,3,0,5.55,53.8,73.42,High
Weekend,6.3,8.94,0,1,0,8.01,48.4,80.16,High
Weekend,4.98,8.7,0,4,1,8.7,51.9,81.73,High
Weekend,4.83,7.58,0,3,0,8.09,43.9,86.04,High
Weekday,9.51,11.17,5,3,0,5.89,82.1,26.35,Low
Weekend,4.44,6.7,1,4,0,7.8,84.0,26.31,Low
Weekend,4.77,7.42,1,1,0,6.33,81.8,31.4,Low
Weekend,5.24,7.97,2,5,0,6.1,83.5,34.61,Low
Weekend,3.0,6.94,2,1,1,6.44,68.5,45.55,Moderate
Weekday,7.59,11.39,3,2,0,6.52,57.5,60.18,Moderate
Weekend,4.48,7.27,1,5,1,6.1,55.6,64.98,Moderate
Weekday,6.94,9.08,0,4,0,6.3,60.9,67.92,Moderate
Weekend,7.86,11.7,1,4,1,7.86,58.7,77.92,High
Weekend,4.61,7.26,1,3,1,6.77,43.1,88.82,High
Weekday,7.78,9.92,3,3,0,7.6,93.2,12.83,Low
Weekday,8.62,12.48,4,5,1,7.3,77.5,24.42,Low
Weekend,3.0,4.62,2,4,1,6.11,84.9,22.44,Low
Weekend,4.33,6.93,0,4,0,7.33,80.6,24.29,Low
Weekday,9.54,12.46,2,2,0,6.73,69.6,33.69,Low
Weekday,6.65,9.95,1,1,0,6.98,79.5,32.67,Low
Weekend,4.9,7.74,2,4,0,5.14,73.7,36.95,Low
Weekday,7.17,9.14,1,4,1,8.26,76.9,38.5,Low
Weekday,10.57,13.79,2,1,0,5.85,73.6,46.07,Moderate
Weekday,8.15,9.97,4,3,0,7.04,58.8,56.17,Moderate
Weekend,4.14,6.88,0,5,0,6.2,98.9,5.72,Low
Weekend,4.78,7.89,4,4,0,8.45,90.0,10.5,Low
Weekend,4.84,8.55,2,4,0,6.38,93.4,10.49,Low
Weekend,5.29,7.81,2,5,1,6.72,88.3,14.37,Low
Weekend,5.5,9.05,0,3,0,6.43,90.3,14.9,Low
Weekday,9.14,11.31,5,2,0,4.83,85.4,21.82,Low
Weekday,7.68,11.48,5,2,0,4.93,94.3,22.71,Low
Weekday,8.09,10.47,2,4,1,7.38,70.6,35.5,Low
Weekend,4.25,5.91,2,1,1,6.73,80.6,33.32,Low
Weekend,3.0,6.74,1,1,0,8.53,85.9,31.28,Low
Weekend,3.86,7.6,2,4,1,6.01,100.1,8.77,Low
Weekday,7.87,9.86,6,3,0,7.55,84.0,26.24,Low
Weekend,7.42,9.74,1,4,0,6.38,81.3,34.13,Low
Weekend,4.55,7.39,1,3,1,5.01,70.7,44.62,Moderate
Weekend,4.33,7.84,0,1,0,7.73,61.7,50.33,Moderate
Weekend,3.85,7.12,0,5,0,7.28,75.4,44.27,Moderate
Weekday,9.36,13.11,0,4,1,7.02,59.5,62.24,Moderate
Weekday,8.86,12.56,1,2,0,7.43,40.0,80.18,High
Weekday,8.66,12.45,4,4,0,6.88,45.1,89.83,High
Weekday,8.65,11.79,1,3,0,7.77,40.0,100.54,High
Weekday,9.92,12.14,6,2,0,5.89,76.6,28.85,Low
Weekday,10.92,14.17,0,2,1,6.07,77.5,37.9,Low
Weekday,9.48,12.79,3,4,0,6.53,65.0,50.19,Moderate
Weekday,7.79,9.6,3,5,0,6.53,63.0,55.8,Moderate
Weekday,9.72,12.34,5,1,0,6.11,47.4,71.52,High
Weekend,3.68,5.31,3,4,0,7.23,55.5,69.04,Moderate
Weekend,5.74,8.49,1,3,0,6.55,46.9,75.24,High
Weekend,5.85,9.46,1,3,0,5.86,49.7,77.69,High
Weekend,3.34,6.48,1,1,1,7.51,48.9,80.07,High
Weekday,9.02,10.9,2,5,0,9.27,40.0,87.87,High
Weekday,8.51,10.26,2,2,0,5.68,87.3,15.63,Low
Weekday,9.2,10.85,6,2,1,8.08,79.7,25.96,Low
Weekday,8.47,12.04,4,4,0,6.03,78.9,32.0,Low
Weekday,10.38,14.12,3,5,1,6.1,72.9,42.01,Moderate
Weekday,8.28,11.48,2,5,1,6.23,66.3,50.02,Moderate
Weekday,10.57,13.49,4,3,1,5.83,59.8,61.17,Moderate
Weekend,3.0,5.43,3,2,0,6.51,59.6,62.34,Moderate
Weekend,4.96,8.26,2,3,0,4.71,63.9,63.49,Moderate
Weekday,8.43,10.93,4,5,1,7.27,49.2,75.08,High
Weekend,6.25,8.38,1,4,1,7.3,55.4,75.57,High
Weekday,8.54,12.07,2,2,0,7.61,92.6,18.73,Low
Weekday,6.48,8.4,3,4,1,7.34,89.4,26.4,Low
Weekday,10.8,12.53,2,4,1,8.16,74.8,42.93,Moderate
Weekday,8.27,10.85,2,3,0,7.97,57.5,56.48,Moderate
Weekday,9.09,13.02,3,4,0,6.81,60.6,64.48,Moderate
Weekend,3.11,5.48,2,1,1,6.5,59.8,68.22,Moderate
Weekend,5.44,7.88,0,3,0,7.47,58.7,70.62,High
Weekend,5.87,7.68,1,4,0,6.33,51.9,76.54,High
Weekday,7.89,10.66,2,3,1,7.74,50.1,85.36,High
Weekend,3.33,5.79,1,5,0,8.0,50.8,83.75,High
Weekday,8.7,12.67,3,2,0,7.99,95.7,13.11,Low
Weekend,5.87,7.94,0,2,0,7.95,94.2,14.96,Low
Weekday,10.05,13.87,3,4,1,6.25,80.2,26.93,Low
Weekend,3.51,7.17,1,4,0,8.07,75.8,28.57,Low
Weekday,8.7,12.18,2,2,0,6.56,86.7,28.74,Low
Weekend,3.1,5.17,1,1,0,6.86,81.6,31.15,Low
Weekday,6.79,10.62,2,3,0,7.39,80.9,34.26,Low
Weekend,6.1,8.95,2,3,0,6.3,67.7,42.12,Moderate
Weekday,8.56,11.93,2,1,1,6.67,72.1,45.83,Moderate
Weekday,10.25,11.82,4,5,0,8.33,59.9,55.23,Moderate
Weekend,3.68,6.28,0,3,1,7.75,102.7,9.51,Low
Weekend,3.64,6.83,1,5,0,7.4,97.0,11.56,Low
Weekend,4.39,5.98,1,3,0,7.98,85.6,16.72,Low
Weekend,5.52,7.06,2,4,1,7.29,96.7,17.13,Low
Weekend,3.0,5.73,0,3,0,7.58,84.8,20.64,Low
Weekday,8.05,12.03,4,3,0,7.46,80.0,32.11,Low
Weekend,5.7,7.82,2,5,1,6.26,68.2,42.48,Moderate
Weekend,3.0,5.53,0,2,0,6.63,68.6,42.11,Moderate
Weekend,5.99,7.77,0,2,1,5.68,65.6,49.66,Moderate
Weekend,5.73,8.99,0,2,0,6.98,77.0,48.9,Moderate
Weekend,3.48,7.37,0,3,0,8.69,95.8,8.93,Low
Weekday,8.3,10.55,0,1,0,5.87,98.9,10.96,Low
Weekday,10.72,13.7,2,2,0,7.21,88.1,20.04,Low
Weekend,3.0,5.21,1,1,0,7.81,83.0,22.05,Low
Weekday,6.86,8.55,3,5,0,6.25,91.9,20.83,Low
Weekend,4.87,8.56,0,4,1,7.58,77.1,28.06,Low
Weekday,8.37,10.64,4,3,1,7.2,75.3,33.18,Low
Weekend,3.11,5.81,2,1,1,6.79,91.6,28.14,Low
Weekend,7.12,8.98,1,2,0,8.5,73.8,37.16,Low
Weekend,5.5,8.68,1,3,0,6.92,81.1,35.68,Low
Weekend,7.56,10.67,2,4,1,6.23,84.6,20.25,Low
Weekend,5.91,8.9,2,3,1,6.78,79.1,27.75,Low
Weekday,9.02,12.79,2,4,0,6.77,83.4,33.13,Low
Weekend,3.81,6.69,1,4,0,6.25,85.2,33.32,Low
Weekday,7.28,11.24,3,2,1,6.79,68.6,47.98,Moderate
Weekday,8.73,10.5,3,3,0,5.33,60.1,59.14,Moderate
Weekend,5.28,7.01,2,4,0,5.88,58.4,62.62,Moderate
Weekend,3.42,7.11,0,4,0,8.54,70.0,56.96,Moderate
Weekday,6.34,8.71,6,4,1,4.5,54.4,71.77,High
Weekend,5.15,7.33,1,3,1,6.65,53.3,75.89,High
Weekday,7.13,9.09,5,1,0,6.39,83.0,18.98,Low
Weekend,4.47,8.27,0,5,0,6.45,95.3,14.84,Low
Weekday,7.59,11.59,1,4,0,8.11,76.0,26.29,Low
Weekend,4.6,7.27,0,5,0,8.18,89.8,20.52,Low
Weekend,3.0,4.95,2,2,1,5.88,83.0,25.45,Low
Weekend,3.0,5.81,0,5,0,5.82,92.8,20.97,Low
Weekday,7.23,10.09,3,2,0,6.31,88.6,28.07,Low
Weekend,6.51,8.45,0,1,1,7.33,74.3,37.99,Low
Weekday,8.87,10.86,2,4,0,7.22,72.9,43.76,Moderate
Weekend,5.43,8.47,1,5,1,6.51,70.1,48.01,Moderate
Weekend,6.52,10.09,2,1,0,6.66,85.9,17.04,Low
Weekend,5.74,8.22,1,1,1,9.36,86.3,20.57,Low
Weekend,3.0,4.71,0,5,0,7.62,92.6,15.94,Low
Weekday,9.76,12.18,7,5,1,6.89,75.3,34.11,Low
Weekend,3.6,5.36,1,3,0,6.81,73.5,35.14,Low
Weekday,8.92,11.58,2,5,0,6.58,77.5,39.95,Low
Weekday,8.65,10.73,2,2,1,7.04,47.9,59.99,Moderate
Weekday,8.85,11.11,3,3,1,6.93,68.7,60.37,Moderate
Weekend,4.79,7.15,2,4,0,7.68,55.6,67.12,Moderate
Weekday,7.6,9.59,4,4,0,7.87,59.4,71.06,High
Weekend,3.65,6.56,1,4,0,8.58,95.5,7.11,Low
Weekday,9.57,12.39,2,3,1,6.02,82.3,22.5,Low
Weekend,3.74,6.91,1,1,1,8.02,85.7,23.74,Low
Weekend,7.1,8.62,0,3,0,5.9,92.6,25.18,Low
Weekend,4.6,6.75,1,1,1,6.28,77.0,35.63,Low
Weekend,5.07,8.17,0,5,0,5.48,83.6,34.94,Low
Weekday,8.08,10.18,3,4,1,6.21,66.9,49.85,Moderate
Weekday,8.11,10.93,5,4,0,5.67,57.9,61.89,Moderate
Weekend,3.49,5.15,1,4,1,6.76,55.5,64.18,Moderate
Weekend,4.4,7.37,2,5,0,6.32,62.3,63.25,Moderate
Weekday,9.82,11.47,2,1,1,6.58,79.4,22.2,Low
Weekday,9.74,12.27,2,2,1,7.79,82.5,26.41,Low
Weekday,9.09,10.96,2,1,0,6.97,86.4,29.34,Low
Weekday,9.28,12.48,2,5,0,8.76,76.2,36.87,Low
Weekend,4.63,7.77,0,1,0,6.5,73.3,39.41,Low
Weekend,5.28,8.23,0,1,1,6.95,69.7,43.32,Moderate
Weekday,7.02,9.51,3,2,0,7.36,67.4,47.47,Moderate
Weekend,4.36,6.73,4,3,0,8.11,72.8,46.69,Moderate
Weekend,3.0,6.76,1,3,0,4.98,66.0,50.24,Moderate
Weekend,3.72,7.6,0,1,0,8.21,68.5,49.6,Moderate
Weekday,7.83,11.53,2,2,0,6.58,96.0,15.45,Low
Weekend,4.04,7.83,1,4,0,7.2,98.6,15.68,Low
Weekend,5.98,7.78,3,5,1,4.62,86.6,28.55,Low
Weekend,3.4,6.3,1,1,1,7.87,80.4,33.88,Low
Weekend,5.78,8.81,0,4,1,8.02,77.6,39.13,Low
Weekend,4.49,7.33,1,4,0,7.72,70.6,43.01,Moderate
Weekend,4.21,6.55,1,3,0,7.36,67.0,45.66,Moderate
Weekend,3.8,6.38,1,3,1,7.38,73.6,45.68,Moderate
Weekend,4.85,8.68,0,2,0,7.39,64.0,52.15,Moderate
Weekend,5.18,7.81,0,1,0,8.96,67.2,52.69,Moderate
Weekday,8.78,12.09,2,2,0,8.16,82.4,24.68,Low
Weekend,5.36,8.4,0,1,0,8.72,89.0,24.12,Low
Weekday,10.76,12.4,4,1,0,7.76,67.5,44.09,Moderate
Weekday,8.5,12.19,3,5,1,9.12,63.1,53.78,Moderate
Weekend,4.34,6.85,2,5,1,7.31,73.2,52.46,Moderate
Weekday,7.27,10.82,2,4,0,6.56,59.0,64.17,Moderate
Weekday,7.46,9.03,2,4,0,6.64,54.3,71.46,High
Weekday,7.93,9.71,2,4,1,7.92,49.8,80.23,High
Weekend,6.21,9.72,2,5,1,5.64,43.6,89.25,High
Weekend,5.41,7.61,1,1,0,5.8,40.0,94.95,High
Weekday,8.37,10.62,3,1,0,6.97,81.8,26.39,Low
Weekend,3.48,6.44,0,4,0,6.92,80.2,26.63,Low
Weekend,3.0,6.0,2,2,0,6.57,86.4,25.52,Low
Weekend,4.9,8.68,2,2,0,6.25,79.7,32.66,Low
Weekday,9.68,11.63,2,2,1,7.33,65.6,49.26,Moderate
Weekend,3.67,5.83,1,3,0,7.02,70.8,47.69,Moderate
Weekday,8.74,11.54,5,4,1,6.76,49.4,67.85,Moderate
Weekend,4.38,7.76,0,3,0,4.94,57.3,67.38,Moderate
Weekday,8.41,11.81,4,2,1,7.38,40.0,85.55,High
Weekend,5.76,8.9,0,4,1,6.94,40.0,89.96,High
Weekday,7.46,10.34,2,4,0,5.88,76.6,19.27,Low
Weekday,7.78,10.6,3,2,0,8.21,88.6,18.91,Low
Weekend,4.4,7.81,2,3,0,5.61,79.3,24.84,Low
Weekday,6.31,8.06,3,1,0,8.92,88.9,23.95,Low
Weekend,5.38,6.99,2,5,1,6.34,79.4,30.5,Low
Weekday,7.44,9.2,1,4,0,5.49,81.8,33.18,Low
Weekend,6.25,9.0,0,1,0,7.42,81.4,35.87,Low
Weekday,8.03,10.77,2,4,0,4.62,71.9,44.82,Moderate
Weekend,5.24,8.31,2,2,0,7.8,71.6,47.12,Moderate
Weekday,9.12,11.46,4,5,1,5.93,58.8,59.22,Moderate
Weekend,5.11,6.83,1,2,0,8.79,89.7,13.75,Low
Weekend,4.7,8.65,2,4,1,5.96,80.3,22.53,Low
Weekend,7.09,10.89,2,3,0,5.95,80.2,29.21,Low
Weekend,3.0,6.23,1,3,0,6.99,83.0,28.2,Low
Weekday,8.52,11.98,1,4,0,6.37,77.4,37.44,Low
Weekday,8.69,12.44,2,1,1,7.06,71.9,50.05,Moderate
Weekend,5.18,8.17,3,2,0,6.06,62.2,58.85,Moderate
Weekday,9.41,10.99,3,4,0,7.78,58.5,68.03,Moderate
Weekday,10.83,13.57,2,4,1,5.82,40.0,87.57,High
Weekend,3.0,6.39,0,5,0,7.44,51.0,81.62,High
Weekend,3.0,5.38,0,1,0,6.37,88.5,10.57,Low
Weekday,7.77,9.46,2,5,0,8.28,90.3,12.34,Low
Weekday,8.92,11.09,1,3,0,9.04,100.0,11.75,Low
Weekday,9.08,11.71,3,3,0,7.17,86.6,21.99,Low
Weekday,8.55,10.3,3,2,0,7.77,82.2,28.06,Low
Weekday,9.25,10.85,0,3,0,4.95,80.6,33.2,Low
Weekday,9.26,13.19,5,2,0,8.73,84.1,37.49,Low
Weekday,9.79,12.89,5,5,1,7.91,70.0,49.53,Moderate
Weekend,5.28,8.37,3,1,0,7.91,68.1,52.81,Moderate
Weekday,9.6,12.28,2,4,0,6.84,53.4,63.46,Moderate
Weekend,3.0,4.74,1,3,0,6.83,89.6,11.87,Low
Weekday,10.54,12.13,3,1,0,6.95,83.2,26.64,Low
Weekday,7.1,8.66,4,4,1,4.73,67.4,43.1,Moderate
Weekday,9.09,12.9,4,3,1,7.63,56.1,59.99,Moderate
Weekend,3.67,5.48,2,5,1,8.05,61.1,59.27,Moderate
Weekday,8.11,11.93,4,3,0,8.08,40.0,76.57,High
Weekday,8.06,10.68,4,3,1,6.44,46.8,85.08,High
Weekday,7.22,10.16,4,5,0,7.23,41.8,93.93,High
Weekday,7.91,9.52,5,5,0,6.92,40.0,102.78,High
Weekend,3.89,6.0,2,1,1,7.22,40.0,106.94,High
Weekday,7.45,10.47,2,5,0,6.95,86.4,21.51,Low
Weekend,5.19,8.43,0,2,0,7.18,85.2,24.65,Low
Weekday,11.12,13.42,2,5,0,6.97,75.7,38.65,Low
Weekend,3.92,6.71,1,2,0,6.02,70.8,42.83,Moderate
Weekend,5.8,7.87,0,2,0,7.74,58.8,50.17,Moderate
Weekend,5.4,7.64,1,3,0,7.39,70.0,48.3,Moderate
Weekday,7.4,10.78,1,4,1,7.81,56.4,60.49,Moderate
Weekend,6.95,10.12,0,1,1,5.26,60.6,67.21,Moderate
Weekday,9.15,12.24,5,3,1,6.37,47.0,85.58,High
Weekend,4.85,8.66,1,5,1,6.8,45.3,90.09,High
Weekend,3.18,6.35,1,3,0,7.61,97.3,8.43,Low
Weekday,8.02,10.76,4,1,0,7.47,86.5,18.74,Low
Weekend,4.7,8.36,1,4,1,6.52,83.4,22.72,Low
Weekday,8.27,11.0,1,3,1,8.37,78.5,29.73,Low
Weekend,4.03,7.14,1,1,0,5.07,78.3,32.15,Low
Weekday,7.0,8.64,2,1,1,7.34,75.4,38.44,Low
Weekend,4.29,8.15,1,5,0,7.1,80.3,37.23,Low
Weekday,8.49,10.73,2,4,0,5.76,73.0,45.37,Moderate
Weekend,5.23,8.46,2,5,1,6.38,64.6,52.01,Moderate
Weekend,5.26,8.11,1,4,0,6.1,61.4,55.32,Moderate
Weekday,8.18,10.55,6,1,1,8.26,83.6,23.26,Low
Weekday,8.84,10.64,2,1,1,7.55,72.7,34.31,Low
Weekday,8.7,11.6,0,4,0,7.52,77.8,36.29,Low
Weekend,5.01,9.0,0,4,0,5.26,81.3,36.98,Low
Weekend,3.17,5.29,1,1,0,7.36,74.5,40.02,Moderate
Weekday,9.82,12.94,3,5,0,6.46,64.3,50.61,Moderate
Weekend,4.75,7.96,0,2,0,6.02,70.3,50.1,Moderate
Weekend,4.85,7.78,0,3,1,5.27,63.7,55.83,Moderate
Weekend,3.66,5.42,0,2,0,7.89,71.2,52.52,Moderate
Weekday,10.28,13.68,6,1,0,7.64,56.7,67.31,Moderate
Weekday,8.86,12.45,2,4,0,7.9,90.1,15.12,Low
Weekend,3.43,5.36,1,1,0,5.93,89.2,16.91,Low
Weekday,10.49,13.94,2,2,1,6.83,82.4,30.73,Low
Weekday,10.4,13.91,2,1,0,7.32,73.0,44.1,Moderate
Weekend,5.6,8.06,1,4,1,7.77,69.8,48.81,Moderate
Weekday,9.36,13.03,1,5,1,8.44,69.6,56.18,Moderate
Weekday,10.03,12.83,2,1,1,6.49,50.8,74.6,High
Weekday,8.53,11.35,2,1,0,6.45,55.4,80.52,High
Weekday,7.65,11.55,4,5,0,8.52,40.0,92.31,High
Weekend,7.38,9.33,1,4,1,7.87,40.0,97.46,High
Weekend,4.93,6.84,1,2,0,8.35,94.3,12.81,Low
Weekday,9.45,11.15,4,4,0,6.23,91.0,17.86,Low
Weekday,7.54,9.77,1,1,1,9.31,88.4,21.42,Low
Weekend,5.93,7.99,2,1,1,6.99,82.9,26.15,Low
Weekday,8.59,10.64,2,5,0,7.17,89.2,26.13,Low
Weekend,3.0,6.16,3,4,0,7.99,83.9,28.36,Low
Weekend,3.94,7.92,0,3,0,6.69,82.1,29.53,Low
Weekday,7.3,10.58,3,4,0,7.54,84.5,30.91,Low
Weekday,9.19,10.73,3,4,0,5.3,75.1,38.24,Low
Weekday,7.67,10.37,4,1,0,6.84,72.3,42.73,Moderate
Weekday,5.94,9.8,3,5,0,8.24,100.0,9.32,Low
Weekday,7.14,10.84,0,2,0,7.22,88.1,19.51,Low
Weekday,8.01,10.95,3,1,0,6.48,79.9,31.89,Low
Weekend,4.57,7.58,0,2,0,7.43,76.5,34.82,Low
Weekend,4.27,6.98,1,1,0,7.94,83.7,33.73,Low
Weekday,8.86,11.47,4,4,0,6.72,68.9,48.94,Moderate
Weekend,5.31,8.18,0,5,0,6.94,67.4,51.05,Moderate
Weekend,3.17,5.83,2,5,0,7.81,84.2,43.62,Moderate
Weekday,6.56,9.43,5,4,0,6.54,63.2,59.18,Moderate
Weekend,4.04,7.06,0,5,1,6.8,60.9,61.82,Moderate
Weekday,6.88,9.18,2,3,0,9.16,89.5,16.95,Low
Weekday,8.79,10.59,3,4,0,8.29,77.3,29.66,Low
Weekday,8.36,10.37,2,4,1,6.58,66.2,43.84,Moderate
Weekday,7.25,9.48,4,1,0,6.64,62.3,54.55,Moderate
Weekday,10.08,13.79,2,4,0,7.34,54.7,68.15,Moderate
Weekday,8.2,12.0,4,4,0,8.5,52.6,77.49,High
Weekend,5.11,8.46,0,5,1,6.88,49.4,82.34,High
Weekday,7.69,9.95,5,2,1,8.67,40.0,96.6,High
Weekday,7.97,9.64,0,2,1,7.66,40.0,104.35,High
Weekday,8.42,10.81,4,3,0,6.44,40.0,114.46,High
Weekday,9.45,11.63,2,2,1,5.69,84.9,22.68,Low
Weekend,3.78,6.53,0,3,0,7.2,88.8,21.2,Low
Weekend,5.56,7.84,0,2,0,5.89,77.4,27.89,Low
Weekend,4.87,7.97,1,2,1,6.36,81.2,29.45,Low
Weekend,5.64,7.45,1,4,0,6.73,89.0,27.91,Low
Weekday,7.88,9.45,1,5,0,5.96,65.4,40.7,Moderate
Weekday,8.19,10.12,4,4,0,5.87,68.1,44.78,Moderate
Weekend,6.36,9.09,0,4,0,8.85,71.2,44.76,Moderate
Weekend,5.07,7.55,0,4,1,6.58,64.1,49.65,Moderate
Weekday,9.08,10.68,4,3,0,5.94,68.8,53.78,Moderate
Weekday,8.01,11.68,4,2,0,6.1,83.0,23.03,Low
Weekend,3.58,6.49,1,2,0,6.24,82.4,24.97,Low
Weekday,10.38,12.36,2,5,0,6.21,82.0,34.89,Low
Weekend,5.53,9.39,0,3,0,6.55,66.6,44.46,Moderate
Weekend,5.68,8.69,4,2,0,6.98,72.9,48.0,Moderate
Weekend,6.15,9.27,2,2,1,5.63,63.1,60.02,Moderate
Weekday,8.97,12.61,2,3,0,5.46,52.5,74.25,High
Weekend,5.98,8.75,1,2,1,7.0,50.4,81.22,High
Weekday,7.86,9.81,2,5,1,7.21,44.6,91.0,High
Weekend,5.41,7.83,2,2,0,5.88,40.0,97.69,High
Weekday,8.85,12.09,1,4,0,7.66,79.8,24.11,Low
Weekday,8.17,10.28,2,1,1,5.19,87.4,34.86,Low
Weekday,9.69,12.77,2,4,0,5.45,61.1,58.17,Moderate
Weekend,3.0,6.35,0,1,0,7.96,61.7,57.58,Moderate
Weekday,8.14,12.09,2,4,0,8.53,51.5,69.76,Moderate
Weekend,3.0,4.76,1,5,0,7.28,65.1,62.27,Moderate
Weekday,6.44,9.39,1,5,1,6.73,49.3,75.62,High
Weekend,3.0,4.76,1,5,0,7.76,56.7,70.23,High
Weekend,4.65,8.64,1,2,0,6.49,58.6,73.76,High
Weekend,4.26,6.35,0,1,1,8.08,50.6,80.14,High
Weekend,3.08,5.87,2,5,0,4.79,101.5,4.88,Low
Weekend,6.86,9.5,0,2,0,4.5,90.3,17.39,Low
Weekend,3.79,5.76,2,4,0,6.6,78.9,23.31,Low
Weekday,8.43,10.38,0,4,1,7.08,75.5,33.91,Low
Weekend,4.35,8.06,1,5,1,7.08,82.5,34.8,Low
Weekday,7.48,9.08,6,3,0,7.78,74.7,48.12,Moderate
Weekday,6.8,9.33,4,1,0,8.4,55.9,64.16,Moderate
Weekday,8.04,11.45,3,3,1,7.11,49.9,78.98,High
Weekend,6.95,8.47,0,2,0,9.15,49.0,83.05,High
Weekend,3.0,6.22,0,5,1,6.96,44.4,85.3,High
Weekday,9.84,12.31,0,2,0,6.29,80.0,21.35,Low
Weekday,9.48,13.45,5,4,1,6.5,85.4,28.01,Low
Weekday,7.87,10.88,1,2,0,6.67,78.8,35.37,Low
Weekday,7.27,9.84,1,1,0,7.1,78.6,39.61,Low
Weekend,5.82,9.56,1,5,0,6.89,78.9,41.66,Moderate
Weekend,6.51,8.57,1,1,1,8.41,70.3,49.02,Moderate
Weekend,3.35,6.95,0,3,0,6.85,68.9,49.69,Moderate
Weekend,4.63,7.26,0,4,1,6.64,69.3,51.46,Moderate
Weekday,7.21,10.29,4,4,1,5.8,62.3,60.68,Moderate
Weekday,7.08,10.1,2,4,1,7.43,52.6,69.3,Moderate
Weekday,8.77,12.12,2,3,1,7.35,90.7,22.03,Low
Weekday,10.21,14.18,5,3,1,5.59,76.2,41.97,Moderate
Weekday,10.45,14.15,5,1,0,7.43,62.7,59.71,Moderate
Weekend,5.84,9.38,0,5,1,6.12,63.8,63.69,Moderate
Weekday,7.58,11.55,7,2,1,5.83,42.5,84.62,High
Weekday,8.71,11.34,1,2,0,6.16,44.7,91.5,High
Weekend,4.4,7.63,1,3,0,5.18,44.1,94.62,High
Weekday,8.51,11.49,3,2,0,6.93,40.0,104.67,High
Weekend,6.66,9.93,1,4,0,8.4,40.0,107.98,High
Weekend,3.26,6.48,1,2,0,5.03,40.0,109.99,High
Weekend,3.97,7.32,2,3,0,8.89,87.3,14.8,Low
Weekend,4.53,6.43,0,3,0,6.16,91.3,13.8,Low
Weekday,8.71,11.72,4,5,1,6.42,85.2,20.89,Low
Weekday,8.55,12.46,2,2,0,7.82,96.9,19.77,Low
Weekend,4.4,5.93,0,3,0,6.77,87.4,23.9,Low
Weekday,6.54,9.87,4,3,1,6.49,79.7,30.79,Low
Weekday,7.01,10.1,3,2,0,7.18,78.3,34.35,Low
Weekday,9.65,11.88,2,2,0,8.62,77.7,38.22,Low
Weekend,3.0,6.78,3,2,0,7.05,74.4,40.44,Moderate
Weekday,8.5,12.28,4,1,0,5.69,71.7,46.39,Moderate
Weekend,3.0,6.33,1,4,0,6.54,92.3,12.78,Low
Weekend,3.51,5.76,1,3,0,7.58,86.3,15.15,Low
Weekend,3.75,6.53,0,5,0,7.97,97.3,9.49,Low
Weekend,3.51,5.2,3,2,1,6.56,87.3,17.28,Low
Weekday,7.77,10.48,2,4,0,7.1,86.3,23.9,Low
Weekend,5.72,7.74,0,2,1,6.14,85.2,29.52,Low
Weekday,9.18,11.55,3,1,1,6.7,65.5,49.2,Moderate
Weekday,8.35,10.32,0,3,1,7.41,67.0,55.89,Moderate
Weekday,7.85,11.14,1,2,0,8.58,58.9,64.93,Moderate
Weekday,8.32,12.03,2,1,1,7.71,48.7,78.96,High
Weekend,3.0,6.09,1,5,0,7.31,80.0,14.37,Low
Weekday,8.56,12.04,4,4,1,7.94,90.5,21.36,Low
Weekday,7.47,11.24,3,3,0,7.13,82.4,32.74,Low
Weekend,3.0,6.65,0,4,1,4.8,76.8,37.58,Low
Weekend,3.48,5.21,1,2,0,7.07,79.9,36.86,Low
Weekend,3.38,5.82,1,5,0,5.76,81.7,36.34,Low
Weekend,4.86,6.98,0,5,0,8.41,73.2,39.29,Low
Weekday,8.85,10.99,4,5,1,6.87,70.1,51.77,Moderate
Weekend,4.6,6.47,3,5,1,4.81,59.1,61.88,Moderate
Weekday,9.11,12.02,5,4,1,5.19,53.9,78.36,High
Weekend,3.0,5.71,0,5,0,5.72,105.1,2.59,Low
Weekend,4.45,7.58,2,1,1,6.27,92.4,12.62,Low
Weekend,3.98,5.53,0,2,0,7.88,97.6,10.4,Low
Weekend,4.54,7.51,0,5,1,4.5,77.2,21.93,Low
Weekday,9.63,13.53,2,3,0,7.75,89.6,24.94,Low
Weekday,9.18,12.33,3,5,0,6.77,72.5,39.38,Low
Weekend,3.0,5.7,1,4,0,7.61,82.1,34.71,Low
Weekday,9.32,11.7,2,3,0,5.0,67.0,49.36,Moderate
Weekday,9.48,12.58,1,4,0,8.02,71.2,54.11,Moderate
Weekend,3.33,5.13,4,4,0,9.28,56.8,59.81,Moderate
Weekday,8.28,11.18,3,5,0,5.91,84.0,19.09,Low
Weekend,3.0,4.97,1,3,1,6.64,82.7,20.97,Low
Weekend,5.85,7.55,0,2,0,6.18,99.0,17.58,Low
Weekday,8.67,10.48,5,3,0,6.21,75.0,36.22,Low
Weekday,5.73,8.86,2,4,1,7.13,73.1,41.94,Moderate
Weekend,3.89,6.06,0,3,0,7.52,82.4,38.01,Low
Weekend,5.76,9.69,0,2,0,7.67,69.9,46.05,Moderate
Weekday,10.44,14.42,3,3,0,6.55,59.8,60.69,Moderate
Weekday,7.2,10.19,2,3,0,6.0,54.8,68.81,Moderate
Weekend,5.9,9.32,0,4,1,7.6,55.0,72.55,High
Weekend,5.2,7.05,0,4,0,8.09,98.4,10.99,Low
Weekend,6.69,10.16,0,2,0,7.23,81.9,22.36,Low
Weekday,8.31,10.2,5,5,1,5.06,76.9,35.77,Low
Weekend,4.03,6.57,1,4,0,6.83,87.2,32.52,Low
Weekend,5.38,9.03,2,4,0,5.76,66.6,45.26,Moderate
Weekend,5.17,8.83,1,3,1,7.15,65.5,50.58,Moderate
Weekend,5.31,8.92,2,1,0,6.35,57.9,58.92,Moderate
Weekend,3.04,5.51,0,1,1,6.51,56.6,61.61,Moderate
Weekday,8.36,10.1,0,2,0,7.41,60.3,66.23,Moderate
Weekday,7.79,11.35,2,4,1,7.56,46.5,80.0,High
Weekday,6.57,9.15,3,1,0,7.42,83.2,16.76,Low
Weekday,10.19,12.44,5,5,1,5.96,86.9,22.36,Low
Weekend,3.93,5.65,1,5,0,5.73,70.4,29.29,Low
Weekday,6.91,9.69,3,5,0,8.78,91.4,23.2,Low
Weekday,9.26,13.15,2,2,1,8.22,71.9,36.71,Low
Weekend,3.55,7.44,0,4,0,7.54,72.7,36.19,Low
Weekday,6.85,8.98,7,4,0,6.61,78.0,38.61,Low
Weekday,9.46,11.62,5,2,0,7.53,66.4,49.04,Moderate
Weekend,4.41,6.35,1,4,0,6.54,64.5,50.47,Moderate
Weekday,9.32,13.14,2,3,0,9.09,64.8,54.58,Moderate
Weekday,8.44,12.18,4,3,0,6.38,92.6,15.98,Low
Weekend,5.3,8.62,0,5,1,6.65,86.0,20.06,Low
Weekday,8.16,11.92,2,4,0,7.1,77.5,26.36,Low
Weekend,4.66,6.81,1,4,0,7.8,87.0,22.9,Low
Weekday,7.84,11.16,1,4,1,6.39,97.7,21.86,Low
Weekday,10.59,12.09,3,1,0,8.08,80.0,33.27,Low
Weekday,7.69,9.55,2,5,1,8.05,91.2,31.36,Low
Weekday,7.7,11.57,2,1,1,6.15,80.4,39.84,Low
Weekday,10.53,13.53,5,5,0,5.31,61.4,52.52,Moderate
Weekend,6.6,8.4,0,4,0,7.08,62.5,53.31,Moderate
Weekday,9.21,12.32,8,2,0,6.86,82.3,24.25,Low
Weekend,6.1,9.58,0,1,1,6.0,83.5,28.17,Low
Weekend,6.65,10.04,1,2,0,9.06,85.0,30.1,Low
Weekend,6.32,8.59,1,4,0,6.22,70.2,38.66,Low
Weekend,3.53,5.89,1,1,1,7.23,72.6,39.53,Low
Weekend,3.0,5.36,1,4,0,7.54,81.1,35.46,Low
Weekday,7.21,9.82,3,5,0,7.47,73.3,42.04,Moderate
Weekend,4.95,7.68,0,2,0,7.89,77.0,41.58,Moderate
Weekend,4.12,6.64,0,1,0,8.45,72.7,43.65,Moderate
Weekday,7.91,10.57,2,2,1,4.6,63.1,54.28,Moderate
Weekday,9.96,13.82,4,1,1,8.1,78.9,32.46,Low
Weekend,3.0,6.99,0,3,1,5.7,78.8,34.96,Low
Weekend,3.97,5.8,1,2,0,7.37,68.0,40.28,Moderate
Weekday,10.15,12.49,1,2,0,6.73,76.4,46.9,Moderate
Weekend,6.01,9.57,0,1,1,6.93,65.9,57.5,Moderate
Weekend,4.27,6.01,0,1,1,5.1,65.9,61.97,Moderate
Weekday,10.43,14.22,3,5,1,6.17,46.8,82.82,High
Weekend,4.42,6.92,1,2,0,5.1,48.5,85.61,High
Weekend,5.63,7.45,3,1,1,7.92,40.0,95.45,High
Weekend,4.57,7.29,1,3,1,7.06,40.0,99.21,High
Weekend,3.73,5.66,1,5,0,5.47,88.8,10.04,Low
Weekend,6.64,9.54,0,1,0,7.17,88.9,13.42,Low
Weekday,7.96,11.26,5,4,0,5.44,74.5,26.08,Low
Weekday,9.27,12.54,6,4,0,9.0,78.4,31.49,Low
Weekend,4.56,7.46,1,4,0,9.28,95.7,24.62,Low
Weekend,5.0,7.29,1,4,0,6.75,79.2,32.67,Low
Weekday,10.43,12.67,2,3,0,6.77,73.0,42.32,Moderate
Weekend,4.93,7.01,2,4,1,7.55,76.4,43.56,Moderate
Weekend,3.22,5.31,0,2,0,5.49,77.6,43.57,Moderate
Weekday,10.02,12.14,2,5,0,7.93,68.7,52.78,Moderate
Weekday,7.92,10.2,2,5,0,7.83,94.3,9.12,Low
Weekend,3.52,5.05,0,4,1,7.53,84.9,13.01,Low
Weekend,5.16,8.2,0,1,0,7.88,87.5,12.96,Low
Weekday,8.08,9.75,5,1,0,7.36,86.1,17.18,Low
Weekend,3.72,5.27,0,1,0,6.32,81.1,19.57,Low
Weekend,6.86,8.62,2,2,0,7.43,74.0,24.5,Low
Weekend,6.51,9.58,3,4,0,7.12,84.1,22.57,Low
Weekday,9.55,11.48,7,5,1,6.68,75.6,31.15,Low
Weekend,4.1,6.45,0,4,0,7.3,79.9,29.36,Low
Weekend,4.53,6.85,1,1,0,7.48,82.2,29.35,Low
Weekday,9.39,13.32,3,4,1,8.0,83.5,21.16,Low
Weekend,5.03,7.78,0,2,0,6.92,80.5,23.39,Low
Weekday,10.01,11.78,2,5,0,5.0,86.5,25.22,Low
Weekend,3.26,6.37,0,1,0,5.34,85.2,26.47,Low
Weekend,4.02,6.27,0,2,1,7.75,79.7,29.55,Low
Weekday,9.98,12.94,7,1,1,8.6,75.8,37.46,Low
Weekday,8.7,11.3,1,3,0,7.33,78.3,39.54,Low
Weekday,7.93,11.0,4,4,0,7.84,69.2,46.42,Moderate
Weekend,4.75,7.99,1,5,1,7.55,68.6,47.95,Moderate
Weekend,5.7,9.39,2,5,0,7.52,68.7,49.31,Moderate
Weekend,6.31,8.41,0,2,1,6.53,85.9,22.02,Low
Weekday,10.17,13.55,5,5,0,6.19,75.7,41.18,Moderate
Weekday,9.77,13.45,4,5,1,9.46,62.0,59.91,Moderate
Weekend,4.11,5.73,0,4,1,8.02,56.8,63.08,Moderate
Weekday,8.95,11.85,1,4,0,6.99,61.5,70.54,High
Weekday,8.11,11.13,4,4,1,8.52,40.0,90.57,High
Weekday,8.51,12.43,2,1,0,6.77,40.0,102.43,High
Weekday,8.96,10.75,2,1,0,6.71,40.0,113.9,High
Weekday,7.33,10.23,1,4,0,6.49,40.0,120.94,High
Weekend,3.07,6.82,0,2,0,6.26,40.0,121.82,High
Weekend,4.19,6.44,2,2,1,7.45,92.7,15.0,Low
Weekday,10.79,13.18,1,1,0,5.34,84.4,24.14,Low
Weekend,4.38,5.98,0,5,0,7.1,90.4,21.57,Low
Weekend,4.05,6.26,1,2,0,6.34,87.4,23.71,Low
Weekend,4.24,5.79,0,3,1,7.46,94.5,21.74,Low
Weekday,8.4,10.83,2,4,1,5.31,86.5,29.78,Low
Weekend,7.06,10.88,1,3,0,4.72,78.8,36.37,Low
Weekday,6.44,9.91,3,5,0,6.2,72.7,41.61,Moderate
Weekend,4.34,7.55,0,1,1,8.11,75.8,41.86,Moderate
Weekday,9.65,11.64,5,5,0,8.76,76.8,45.8,Moderate
Weekday,8.33,9.98,3,3,0,7.3,85.7,18.63,Low
Weekday,9.42,10.97,2,4,0,6.26,80.8,29.84,Low
Weekend,5.56,8.34,0,3,0,6.25,71.8,36.78,Low
Weekday,8.54,10.91,3,2,0,5.84,70.2,47.77,Moderate
Weekday,8.1,10.09,3,5,0,6.51,68.9,55.91,Moderate
Weekend,6.15,8.48,1,2,0,6.11,63.2,63.51,Moderate
Weekend,5.93,7.5,4,3,0,8.6,48.2,73.99,High
Weekend,4.42,8.19,0,2,0,6.54,55.3,73.64,High
Weekday,7.96,10.07,5,5,0,7.84,50.2,83.65,High
Weekday,7.82,10.5,4,2,1,5.99,40.0,99.69,High
Weekend,3.2,6.54,0,3,0,7.68,88.1,13.5,Low
Weekend,4.31,6.5,4,1,0,7.39,84.9,17.3,Low
Weekend,5.05,8.46,0,4,1,7.66,85.5,19.01,Low
Weekend,3.0,6.55,0,2,1,5.91,85.6,20.55,Low
Weekday,5.5,9.12,1,3,1,6.87,87.2,23.35,Low
Weekend,4.72,8.41,1,1,0,5.26,81.0,28.72,Low
Weekend,5.45,7.61,0,3,1,7.35,71.7,34.82,Low
Weekend,5.49,7.16,1,3,0,7.34,84.2,31.39,Low
Weekday,7.45,10.15,2,1,0,6.97,82.8,36.56,Low
Weekday,8.36,11.39,0,1,0,6.23,66.7,47.94,Moderate
Weekday,8.05,11.86,1,4,0,6.5,85.8,15.55,Low
Weekend,3.06,5.87,2,1,1,8.07,90.2,15.8,Low
Weekend,4.03,7.07,3,2,1,7.77,86.0,20.84,Low
Weekend,3.08,6.05,0,5,1,6.9,92.9,18.37,Low
Weekend,3.0,6.52,1,4,0,6.63,83.8,22.05,Low
Weekend,4.94,7.24,1,2,1,6.04,89.6,23.62,Low
Weekday,5.43,8.09,4,2,1,7.91,78.3,33.28,Low
Weekday,7.76,9.5,0,4,1,6.16,72.7,40.83,Moderate
Weekend,3.07,6.35,2,5,1,6.5,75.4,41.38,Moderate
Weekday,9.24,12.57,4,2,0,5.78,67.2,53.59,Moderate
Weekend,3.68,6.17,2,3,0,7.96,81.5,17.27,Low
Weekend,6.38,9.38,0,5,0,6.47,99.1,11.32,Low
Weekday,8.56,11.11,3,1,1,5.72,90.7,18.6,Low
Weekend,6.65,9.36,2,2,1,7.08,90.4,21.18,Low
Weekday,8.02,11.34,2,5,0,8.01,89.9,23.33,Low
Weekend,4.97,7.52,2,4,1,7.16,82.0,27.89,Low
Weekend,4.24,8.1,2,3,0,6.99,77.5,30.58,Low
Weekend,4.52,6.42,0,2,0,6.12,85.2,28.12,Low
Weekday,8.17,10.29,2,1,0,8.92,73.2,35.14,Low
Weekday,7.4,9.47,2,3,1,7.42,77.4,35.91,Low
Weekend,4.44,6.75,1,5,1,5.7,94.1,10.52,Low
Weekday,8.72,11.97,8,5,1,8.8,86.8,19.19,Low
Weekend,4.28,7.05,2,5,0,8.4,80.0,22.09,Low
Weekday,7.3,9.64,1,4,1,6.38,87.4,22.55,Low
Weekend,4.57,7.6,1,5,0,6.7,91.8,21.49,Low
Weekend,3.83,6.49,2,3,0,7.71,83.9,25.18,Low
Weekday,7.93,10.58,1,5,1,6.77,79.0,30.68,Low
Weekday,8.12,10.41,5,2,1,6.25,78.3,36.63,Low
Weekend,3.0,5.81,1,1,1,6.83,77.0,38.41,Low
Weekend,3.26,6.85,1,2,0,8.17,84.1,35.71,Low
Weekday,8.33,11.91,3,1,0,6.91,96.6,9.37,Low
Weekend,5.39,7.35,0,5,1,9.07,86.9,13.88,Low
Weekend,5.91,9.6,3,3,0,8.72,87.9,15.2,Low
Weekday,8.35,11.83,4,4,0,6.85,86.6,19.29,Low
Weekday,8.73,11.93,5,2,1,6.6,84.0,25.38,Low
Weekday,9.07,12.22,4,4,1,7.51,80.8,31.07,Low
Weekend,3.0,5.69,0,1,0,8.75,72.5,33.96,Low
Weekday,8.63,10.93,5,3,1,7.17,77.8,36.37,Low
Weekday,9.33,12.0,1,4,1,7.74,71.8,42.38,Moderate
Weekend,3.0,4.51,0,1,0,6.88,64.7,45.06,Moderate
Weekend,3.84,5.54,0,1,0,6.76,91.0,11.52,Low
Weekday,10.26,13.46,2,4,0,7.99,88.3,17.04,Low
Weekday,8.64,10.29,5,2,0,9.27,96.8,17.74,Low
Weekend,5.28,8.83,2,5,1,6.74,82.2,25.98,Low
Weekday,10.12,13.73,6,2,0,5.71,87.4,30.8,Low
Weekend,3.38,5.62,1,2,0,6.9,83.1,32.85,Low
Weekday,10.94,12.55,2,5,0,9.54,71.6,41.31,Moderate
Weekday,7.6,9.51,2,4,0,6.98,72.3,43.83,Moderate
Weekend,3.0,6.44,2,3,1,8.01,77.9,42.52,Moderate
Weekend,5.1,6.69,1,3,0,5.89,80.2,43.03,Moderate
Weekend,5.87,8.23,0,4,1,5.52,91.4,10.14,Low
Weekend,4.62,6.97,1,2,0,6.29,95.4,9.52,Low
Weekday,9.67,11.93,6,5,0,7.0,83.7,18.13,Low
Weekend,6.5,8.68,1,4,0,8.32,95.0,14.65,Low
Weekday,7.53,9.59,4,5,1,7.29,87.4,20.65,Low
Weekday,9.46,12.83,3,3,1,7.46,73.3,30.4,Low
Weekend,4.21,7.77,1,5,0,6.25,90.5,24.05,Low
Weekday,11.09,14.62,2,4,0,5.44,74.6,34.78,Low
Weekday,10.01,12.12,3,3,1,7.86,73.0,39.49,Low
Weekend,5.36,8.7,1,3,0,7.06,69.6,42.02,Moderate
Weekday,7.29,9.27,2,5,0,7.24,96.7,10.03,Low
Weekend,5.63,9.29,0,1,1,6.21,92.0,18.28,Low
Weekend,4.48,6.8,1,5,1,8.73,83.4,23.14,Low
Weekday,8.09,10.66,3,3,0,7.37,84.2,30.56,Low
Weekday,9.19,13.16,3,3,0,7.8,91.8,37.08,Low
Weekday,9.4,11.36,3,3,1,7.56,68.7,57.21,Moderate
Weekday,6.76,9.65,3,2,1,5.64,57.5,71.2,High
Weekend,4.4,7.14,2,2,0,7.39,57.5,73.8,High
Weekend,3.0,6.83,1,1,0,8.37,53.4,75.82,High
Weekend,5.46,7.88,3,1,0,7.37,43.5,84.81,High
Weekend,4.04,6.82,1,2,0,7.29,89.5,9.61,Low
Weekend,3.83,7.59,0,1,1,6.58,83.6,16.07,Low
Weekend,4.54,6.97,0,1,0,7.32,88.0,16.31,Low
Weekday,11.4,15.0,5,3,1,6.59,78.1,38.19,Low
Weekend,4.12,8.04,1,2,1,6.7,71.2,45.71,Moderate
Weekend,3.07,5.68,1,4,1,6.43,60.0,52.03,Moderate
Weekend,4.94,6.54,0,5,0,7.34,70.7,47.93,Moderate
Weekend,5.78,8.34,1,1,1,6.56,63.8,57.87,Moderate
Weekday,7.92,9.86,5,3,0,7.27,60.8,68.53,Moderate
Weekend,6.3,8.37,3,2,0,6.95,50.4,79.11,High
Weekend,3.75,6.82,1,5,1,7.4,98.8,6.19,Low
Weekend,4.88,7.09,3,5,0,7.49,100.6,6.93,Low
Weekend,5.38,6.99,0,4,1,7.2,90.0,13.19,Low
Weekday,6.05,8.77,1,1,0,7.98,91.5,15.33,Low
Weekday,8.67,11.72,4,4,0,7.29,80.8,25.42,Low
Weekday,8.55,11.56,7,1,1,7.59,73.1,37.41,Low
Weekend,4.66,7.83,1,5,0,8.85,75.1,36.71,Low
Weekend,7.12,9.13,1,5,0,6.29,70.2,41.72,Moderate
Weekday,9.14,11.71,2,4,0,6.33,70.0,47.42,Moderate
Weekday,9.42,13.16,3,1,0,4.76,59.9,59.68,Moderate
Weekend,3.32,7.29,1,4,0,8.24,100.5,5.42,Low
Weekend,4.4,6.49,1,1,1,7.02,84.4,15.79,Low
Weekend,3.25,6.25,0,3,0,7.57,92.0,12.06,Low
Weekend,3.0,6.27,2,5,0,6.42,88.5,13.74,Low
Weekend,3.32,6.39,1,4,0,4.58,91.3,14.18,Low
Weekend,4.51,7.6,0,4,0,7.26,94.7,13.52,Low
Weekend,6.56,9.61,0,4,1,8.18,78.9,24.25,Low
Weekday,9.24,12.93,3,1,1,8.01,74.7,37.29,Low
Weekend,4.9,8.35,1,5,1,4.93,71.9,43.19,Moderate
Weekday,8.8,11.13,2,1,0,7.24,69.4,52.58,Moderate
Weekday,6.04,8.1,6,4,0,7.3,85.7,20.67,Low
Weekday,8.34,12.15,3,3,0,6.51,76.1,35.01,Low
Weekday,9.62,12.77,4,1,0,5.68,70.4,51.84,Moderate
Weekday,8.47,10.67,5,4,0,5.72,62.6,66.45,Moderate
Weekend,4.7,6.21,1,3,1,8.88,63.0,68.74,Moderate
Weekend,7.21,9.29,0,1,0,5.58,61.6,76.63,High
Weekday,9.97,13.93,1,4,1,6.93,40.0,98.02,High
Weekday,8.34,11.4,3,2,1,8.18,40.0,109.41,High
Weekday,11.9,13.48,5,5,0,7.98,40.0,123.6,High
Weekend,5.24,8.25,0,1,1,6.36,40.0,129.82,High
Weekday,8.51,10.7,4,2,1,6.69,98.0,13.47,Low
Weekday,8.68,10.28,3,4,0,6.38,81.3,24.09,Low
Weekday,7.57,10.63,4,2,0,7.45,78.4,29.17,Low
Weekday,8.12,11.95,0,4,0,6.18,86.1,29.23,Low
Weekday,10.57,14.17,3,3,1,5.96,77.3,39.52,Low
Weekend,4.92,8.46,1,3,0,8.88,64.4,45.43,Moderate
Weekday,8.11,10.76,4,2,1,5.95,68.1,49.46,Moderate
Weekday,9.37,12.85,1,1,0,6.08,65.5,55.36,Moderate
Weekend,5.18,8.82,0,1,0,8.01,58.0,59.65,Moderate
Weekend,4.53,7.25,2,5,0,6.66,63.1,58.54,Moderate
Weekday,9.53,12.23,4,2,0,8.12,83.9,25.62,Low
Weekend,6.02,8.17,0,4,1,7.26,81.8,31.34,Low
Weekday,12.17,14.81,7,2,1,6.45,57.4,63.16,Moderate
Weekday,8.96,12.12,6,4,1,7.44,49.0,81.17,High
Weekday,9.66,13.12,7,3,0,5.84,40.0,101.14,High
Weekday,9.44,12.88,3,4,0,8.43,40.0,111.44,High
Weekday,9.61,12.66,1,5,0,7.9,40.0,120.12,High
Weekend,3.79,7.21,1,2,1,7.46,40.0,123.85,High
Weekend,4.69,7.09,1,3,0,7.24,40.0,126.01,High
Weekend,3.54,7.22,1,5,0,7.36,40.0,125.89,High
Weekday,6.0,7.76,5,2,0,5.22,85.0,22.38,Low
Weekday,7.29,9.98,3,5,0,6.58,76.3,32.51,Low
Weekday,7.93,9.62,4,1,0,5.98,76.9,42.37,Moderate
Weekend,4.19,8.16,0,1,0,6.29,65.9,49.66,Moderate
Weekend,4.85,6.47,1,4,0,6.8,56.1,55.21,Moderate
Weekday,7.64,10.56,5,4,1,6.23,57.5,65.91,Moderate
Weekend,5.11,6.99,0,1,0,9.52,56.5,67.25,Moderate
Weekday,9.1,11.59,3,5,0,4.97,50.6,79.87,High
Weekday,8.38,10.52,6,3,1,8.09,40.0,95.93,High
Weekend,3.79,6.32,0,1,0,6.46,40.0,97.44,High
Weekday,10.62,13.0,1,5,0,6.14,82.1,25.34,Low
Weekend,3.92,7.05,1,3,1,8.1,89.9,25.04,Low
Weekend,3.25,5.92,1,3,0,7.19,85.4,26.92,Low
Weekday,8.57,11.95,2,4,0,6.91,69.7,42.79,Moderate
Weekday,8.05,11.92,4,5,0,7.92,65.9,53.61,Moderate
Weekend,4.14,6.38,3,3,0,7.14,66.4,56.36,Moderate
Weekday,7.57,9.41,1,4,0,7.75,56.1,66.1,Moderate
Weekend,4.44,6.32,0,3,0,7.78,55.2,66.77,Moderate
Weekend,5.36,7.52,2,1,0,4.59,58.2,72.81,High
Weekday,8.5,10.01,3,5,0,6.48,56.1,82.74,High
Weekend,4.56,6.36,0,3,0,7.77,86.8,15.74,Low
Weekday,7.19,11.1,2,5,0,6.92,82.9,19.8,Low
Weekend,3.0,5.55,0,5,0,6.35,95.3,14.27,Low
Weekday,9.54,11.4,4,1,1,8.83,87.0,22.67,Low
Weekday,8.48,10.42,2,2,0,6.8,87.0,26.18,Low
Weekend,3.15,5.72,1,1,0,6.98,80.5,29.18,Low
Weekend,3.34,5.41,1,5,1,6.79,78.9,30.31,Low
Weekend,5.27,8.41,2,1,0,7.93,83.8,30.1,Low
Weekday,6.89,10.41,2,1,0,7.97,75.5,36.15,Low
Weekday,10.31,11.93,2,3,0,6.72,78.4,39.33,Low
Weekday,8.84,11.84,4,2,0,8.22,83.2,19.44,Low
Weekday,9.45,12.01,1,1,1,7.52,87.0,26.72,Low
Weekend,5.73,9.48,1,4,0,7.61,76.6,33.43,Low
Weekday,8.23,11.59,3,1,0,6.29,72.5,43.12,Moderate
Weekday,9.67,12.59,4,5,0,6.96,67.4,53.39,Moderate
Weekday,8.67,12.38,2,1,0,8.14,48.4,68.09,Moderate
Weekday,8.81,12.55,0,4,1,5.75,52.5,74.3,High
Weekday,8.61,11.99,5,5,1,8.6,43.7,86.11,High
Weekend,3.73,6.81,0,4,1,5.39,44.6,88.04,High
Weekday,8.13,12.1,4,3,1,7.61,40.0,98.6,High
Weekend,3.88,6.9,1,3,1,5.96,90.8,10.02,Low
Weekday,7.85,9.42,1,2,1,7.02,94.4,12.16,Low
Weekday,9.41,11.38,3,1,0,7.98,84.5,20.39,Low
Weekend,4.35,6.24,0,4,0,7.13,81.1,21.81,Low
Weekday,7.44,10.73,3,4,1,7.26,85.5,23.82,Low
Weekday,9.85,12.9,2,1,0,7.14,84.4,28.98,Low
Weekend,5.44,7.31,1,4,0,6.1,82.3,31.09,Low
Weekday,7.24,10.32,4,1,0,5.95,73.3,38.79,Low
Weekend,4.31,7.46,2,3,0,5.73,71.8,40.87,Moderate
Weekend,6.31,8.4,0,2,1,9.1,70.4,43.27,Moderate
Weekend,4.45,7.24,1,3,0,8.0,93.9,7.38,Low
Weekend,5.31,7.42,0,2,1,7.81,92.3,11.81,Low
Weekday,9.24,11.93,2,3,0,7.27,76.3,27.1,Low
Weekend,4.13,7.82,0,2,1,7.14,77.9,29.82,Low
Weekday,8.98,12.79,4,4,1,7.46,65.6,46.35,Moderate
Weekend,4.28,7.27,1,5,1,7.4,60.3,50.88,Moderate
Weekday,7.76,11.56,2,4,0,6.39,71.6,53.85,Moderate
Weekday,9.61,11.52,5,2,0,6.9,54.2,72.57,High
Weekend,3.0,6.92,2,5,1,6.75,64.4,70.7,High
Weekend,4.67,6.37,0,4,0,8.55,57.0,73.12,High
Weekend,3.12,6.92,2,1,0,7.33,107.2,2.5,Low
Weekend,5.51,7.79,3,1,0,7.51,84.7,15.59,Low
Weekday,8.15,11.75,3,2,0,7.38,87.0,21.89,Low
Weekend,3.28,5.59,0,5,0,8.06,81.9,22.08,Low
Weekday,7.87,10.96,3,5,0,6.65,79.7,29.0,Low
Weekend,5.55,7.67,0,2,0,8.56,77.0,31.54,Low
Weekday,9.4,11.98,5,1,0,7.93,75.7,41.46,Moderate
Weekend,3.51,5.97,1,1,1,9.57,74.1,43.26,Moderate
Weekend,7.83,10.1,1,2,0,8.18,80.0,45.69,Moderate
Weekday,8.2,11.75,7,5,1,8.59,57.2,64.02,Moderate
Weekday,9.47,12.79,6,2,0,7.12,84.3,22.36,Low
Weekday,8.1,10.46,3,3,0,9.42,84.5,25.8,Low
Weekday,8.03,11.5,3,1,1,8.07,80.1,33.3,Low
Weekend,3.0,5.84,1,4,0,7.81,76.6,34.1,Low
Weekend,3.88,6.38,1,5,1,7.75,77.2,34.59,Low
Weekend,5.86,9.16,0,2,0,6.75,81.6,35.02,Low
Weekend,5.73,9.33,1,1,0,5.34,73.6,41.53,Moderate
Weekend,5.7,9.45,1,2,0,6.26,67.7,46.63,Moderate
Weekday,7.83,10.43,1,1,0,5.13,66.1,51.97,Moderate
Weekend,6.36,9.21,0,2,0,7.47,64.1,54.98,Moderate
Weekend,5.86,9.21,0,1,1,7.29,85.7,21.77,Low
Weekday,7.78,10.57,2,4,0,7.44,79.4,31.75,Low
Weekday,10.02,12.41,5,1,0,6.66,66.8,52.19,Moderate
Weekend,3.23,5.37,1,5,0,7.83,69.3,49.35,Moderate
Weekday,9.29,11.83,1,1,0,7.67,62.8,62.26,Moderate
Weekday,10.56,14.48,7,3,0,6.51,40.0,89.13,High
Weekend,3.64,6.77,0,3,1,6.59,40.0,91.88,High
Weekend,3.14,6.19,1,1,1,7.24,40.0,95.12,High
Weekend,5.57,7.72,1,4,1,7.13,40.0,100.27,High
Weekend,3.25,6.94,0,3,0,5.13,40.0,101.72,High
Weekend,4.92,8.21,2,2,0,5.6,88.5,19.71,Low
Weekday,6.87,9.52,5,5,1,5.56,85.0,32.52,Low
Weekday,6.5,9.36,2,2,1,6.85,71.3,47.08,Moderate
Weekend,3.88,5.74,1,5,0,6.64,75.1,45.6,Moderate
Weekday,6.05,8.89,1,3,0,6.74,67.3,53.69,Moderate
Weekend,5.75,9.04,1,1,1,6.44,55.1,66.77,Moderate
Weekend,4.19,6.36,2,2,0,5.49,53.5,71.42,High
Weekday,10.78,13.93,4,5,0,6.89,42.7,89.68,High
Weekend,4.47,8.45,1,3,0,8.81,42.4,91.23,High
Weekday,9.65,12.52,2,5,0,6.64,40.0,102.76,High
Weekend,3.4,5.98,0,5,1,4.5,96.6,10.19,Low
Weekday,7.33,9.75,3,1,0,7.88,86.7,20.68,Low
Weekend,3.99,7.97,0,1,0,7.36,83.0,23.75,Low
Weekend,7.1,8.68,0,4,0,5.94,82.3,28.03,Low
Weekend,6.23,8.23,1,5,0,7.9,75.9,32.78,Low
Weekday,8.29,9.97,1,4,1,7.38,76.1,39.57,Low
Weekend,3.0,4.63,3,1,1,6.23,69.3,45.88,Moderate
Weekday,9.27,13.26,3,1,0,5.95,55.5,62.09,Moderate
Weekday,9.06,11.56,2,5,0,7.29,57.4,68.13,Moderate
Weekend,3.03,5.59,1,4,1,6.69,57.1,69.49,Moderate
Weekend,6.36,10.15,2,1,1,5.72,87.0,18.87,Low
Weekend,4.89,6.99,0,3,1,7.67,89.4,19.47,Low
Weekday,7.94,11.74,1,2,1,5.76,80.0,28.77,Low
Weekday,10.96,14.92,5,4,1,7.57,69.2,41.22,Moderate
Weekday,9.39,10.94,7,2,0,6.83,69.7,47.92,Moderate
Weekday,8.99,12.37,4,2,1,8.73,63.7,56.55,Moderate
Weekday,9.39,12.39,0,3,0,7.59,55.6,63.93,Moderate
Weekday,7.54,9.96,4,1,1,6.64,51.5,71.49,High
Weekend,5.52,9.33,0,1,1,7.06,53.4,73.9,High
Weekend,5.53,7.64,0,2,1,7.09,50.6,77.47,High
Weekday,7.04,10.66,1,1,1,5.79,85.0,19.66,Low
Weekday,10.14,13.44,1,1,1,6.53,73.1,36.45,Low
Weekday,8.22,10.64,4,4,0,6.84,65.4,47.51,Moderate
Weekday,7.87,10.35,3,4,0,5.87,70.3,53.07,Moderate
Weekend,4.95,8.53,0,2,0,7.31,59.3,59.79,Moderate
Weekday,9.09,12.98,4,1,0,6.33,50.8,74.45,High
Weekend,4.23,6.01,0,4,0,6.81,46.9,76.12,High
Weekday,6.15,8.98,2,3,0,7.94,54.8,76.94,High
Weekend,3.64,5.3,1,2,0,6.44,52.4,78.92,High
Weekday,7.47,10.75,5,3,0,7.68,40.0,91.8,High
Weekday,9.91,11.92,4,5,0,7.41,87.4,16.18,Low
Weekday,10.47,12.08,2,3,1,6.4,81.2,27.92,Low
Weekday,9.13,11.5,2,1,0,7.32,72.7,38.36,Low
Weekday,9.36,13.22,3,3,1,7.54,70.4,48.09,Moderate
Weekend,3.25,5.04,1,1,0,7.01,72.8,47.67,Moderate
Weekday,9.16,11.25,3,3,0,6.07,67.0,57.39,Moderate
Weekday,8.12,10.52,4,3,0,5.94,55.1,69.23,Moderate
Weekday,9.93,11.7,2,5,1,7.6,50.5,78.55,High
Weekend,6.29,9.27,1,3,0,6.52,50.3,82.2,High
Weekend,5.79,7.83,3,3,0,6.63,48.2,86.77,High
Weekend,5.28,7.65,1,5,0,7.98,95.3,10.29,Low
Weekend,3.89,7.04,1,1,1,6.41,91.0,15.73,Low
Weekend,3.0,4.98,2,4,0,4.5,80.5,21.14,Low
Weekend,3.93,7.81,1,1,0,6.56,98.3,16.45,Low
Weekday,7.82,9.65,1,1,0,8.62,72.4,31.76,Low
Weekend,6.59,10.17,2,3,1,5.49,70.2,39.97,Low
Weekend,4.58,6.88,1,4,0,7.53,72.2,40.01,Moderate
Weekday,10.88,12.82,4,3,0,9.73,70.7,49.42,Moderate
Weekday,8.94,11.46,5,1,0,7.76,62.4,62.01,Moderate
Weekday,8.5,11.88,5,2,0,8.33,53.2,74.09,High
Weekend,5.58,7.33,1,5,1,7.93,92.3,16.19,Low
Weekday,8.41,10.65,2,1,1,7.04,74.5,33.11,Low
Weekday,8.12,11.28,4,5,0,6.2,69.7,43.21,Moderate
Weekend,5.13,8.19,1,3,0,5.27,74.1,45.29,Moderate
Weekday,9.66,11.53,3,4,1,8.23,63.3,59.41,Moderate
Weekend,3.79,6.24,1,4,0,6.73,60.9,60.93,Moderate
Weekend,4.95,7.58,0,2,0,9.12,71.5,57.43,Moderate
Weekend,5.7,9.06,2,1,0,8.31,59.2,66.62,Moderate
Weekend,3.24,6.69,0,5,0,6.21,63.1,64.57,Moderate
Weekend,3.56,7.36,2,2,0,8.47,57.4,68.05,Moderate
Weekday,10.11,11.93,3,3,0,7.9,81.0,19.03,Low
Weekend,3.0,5.09,3,4,1,7.82,87.1,17.32,Low
Weekend,3.0,6.43,1,4,1,5.54,92.6,16.21,Low
Weekday,8.2,12.14,4,5,0,9.96,95.5,17.79,Low
Weekend,3.52,6.88,0,2,0,7.54,83.5,22.67,Low
Weekday,7.79,10.84,4,4,1,6.86,85.7,25.95,Low
Weekend,5.32,7.26,1,3,0,6.21,83.8,28.06,Low
Weekend,3.88,7.11,1,5,1,7.31,85.5,28.2,Low
Weekday,6.47,9.31,1,4,1,6.63,71.8,36.28,Low
Weekend,3.35,6.03,1,4,0,5.54,69.6,37.52,Low
Weekday,8.82,11.87,3,4,0,6.38,91.2,15.76,Low
Weekend,5.64,8.85,0,2,0,6.61,87.8,18.25,Low
Weekday,7.6,10.51,4,1,0,6.02,90.1,20.38,Low
Weekend,5.44,8.92,1,4,1,7.83,72.9,28.62,Low
Weekday,9.46,11.46,5,5,1,6.03,71.0,33.26,Low
Weekday,8.25,10.01,3,1,0,6.1,76.3,34.08,Low
Weekday,8.18,10.28,1,2,1,7.17,77.5,36.3,Low
Weekend,4.48,6.72,1,4,0,6.33,83.4,34.47,Low
Weekday,6.58,10.13,3,4,1,7.47,77.8,39.02,Low
Weekend,5.07,7.95,3,2,0,8.93,72.1,42.31,Moderate
Weekend,3.0,5.42,0,1,0,6.91,93.9,12.46,Low
Weekend,3.0,5.24,2,2,0,6.76,89.0,15.63,Low
Weekend,5.21,7.16,1,4,1,6.05,91.8,20.08,Low
Weekend,7.12,10.14,1,3,0,8.57,87.6,27.37,Low
Weekday,9.63,12.88,2,1,0,6.22,74.3,46.6,Moderate
Weekend,3.05,4.92,0,2,0,7.05,77.4,44.49,Moderate
Weekend,7.44,10.97,2,1,0,6.42,60.0,61.67,Moderate
Weekend,5.94,7.6,0,5,0,7.3,61.0,63.23,Moderate
Weekday,7.61,11.52,3,2,0,5.83,40.1,83.04,High
Weekday,8.87,12.35,2,2,0,6.28,40.0,95.23,High
Weekday,8.22,11.76,5,3,1,7.05,85.8,25.39,Low
Weekend,4.93,6.52,1,1,0,6.19,81.4,31.1,Low
Weekend,3.0,6.57,2,5,0,6.32,93.6,26.77,Low
Weekend,4.84,8.1,1,1,0,7.41,76.3,37.42,Low
Weekday,8.67,12.24,1,2,0,6.43,66.5,51.48,Moderate
Weekday,6.95,9.42,5,3,0,7.54,55.5,64.5,Moderate
Weekend,5.06,8.7,3,2,1,6.25,50.9,74.62,High
Weekend,4.28,7.12,1,3,0,8.77,50.4,75.35,High
Weekday,7.64,10.0,3,5,0,7.87,44.2,84.59,High
Weekday,8.17,10.69,4,5,0,4.57,40.0,97.31,High
Weekend,3.57,5.54,1,1,0,9.05,97.0,6.89,Low
Weekday,7.97,10.79,7,5,0,9.47,92.1,15.84,Low
Weekday,8.58,10.64,3,1,1,8.08,87.3,26.74,Low
Weekday,9.74,12.57,3,5,0,7.6,72.5,40.5,Moderate
Weekend,3.29,6.79,0,4,0,5.01,71.8,41.49,Moderate
Weekend,5.52,7.89,1,2,0,7.93,72.1,43.91,Moderate
Weekday,8.31,10.25,2,5,0,8.58,66.3,50.88,Moderate
Weekend,3.34,5.81,0,3,0,6.89,73.5,47.68,Moderate
Weekday,8.11,11.78,2,3,1,8.05,55.9,62.42,Moderate
Weekend,3.26,7.24,2,2,0,5.65,55.1,65.18,Moderate
Weekday,7.9,9.68,1,2,1,7.91,90.6,15.48,Low
Weekend,3.15,6.93,2,5,0,7.02,90.9,15.49,Low
Weekday,9.28,10.86,1,4,0,8.9,79.2,22.94,Low
Weekend,5.18,7.8,3,4,0,6.72,88.7,20.86,Low
Weekday,8.63,11.51,3,3,0,6.57,88.1,25.2,Low
Weekend,3.73,5.75,1,2,0,8.94,77.6,29.26,Low
Weekday,8.32,10.13,3,3,1,7.15,83.7,31.15,Low
Weekend,3.18,5.93,1,3,1,8.62,78.5,33.63,Low
Weekday,4.74,7.86,2,3,1,7.28,67.4,40.14,Moderate
Weekend,4.95,7.31,0,1,0,7.67,81.9,35.29,Low
Weekday,9.51,12.28,2,3,1,6.42,79.8,24.22,Low
Weekday,10.42,13.64,6,4,0,7.67,86.0,27.97,Low
Weekend,4.8,7.33,1,1,1,4.91,82.0,32.72,Low
Weekday,7.88,11.58,3,2,0,5.96,70.4,42.02,Moderate
Weekday,8.36,10.58,2,5,1,4.65,71.1,46.7,Moderate
Weekend,4.75,7.56,1,4,0,6.66,69.6,48.29,Moderate
Weekend,5.01,8.54,1,4,1,6.74,64.0,52.76,Moderate
Weekend,3.81,6.35,5,1,1,5.37,60.2,57.92,Moderate
Weekend,4.27,7.55,1,1,0,7.11,64.2,57.65,Moderate
Weekend,3.4,7.14,1,5,1,6.36,61.2,59.97,Moderate
Weekday,8.77,12.08,5,3,1,6.65,75.8,24.89,Low
Weekday,8.27,9.8,0,5,0,6.43,88.3,22.44,Low
Weekend,5.11,9.06,1,1,0,7.66,81.6,26.93,Low
Weekday,9.73,13.32,0,4,0,7.46,84.4,29.59,Low
Weekend,4.32,7.06,1,5,1,7.34,79.2,32.79,Low
Weekday,8.71,11.24,3,5,0,6.39,80.1,36.46,Low
Weekend,5.95,8.53,0,3,1,6.78,71.9,42.19,Moderate
Weekend,3.32,6.35,2,4,1,5.93,79.7,40.59,Moderate
Weekend,4.2,6.27,1,5,0,7.08,72.4,43.63,Moderate
Weekend,3.61,5.21,2,2,0,7.54,64.1,47.4,Moderate
Weekend,3.55,7.03,1,3,0,8.01,84.5,15.79,Low
Weekday,9.62,13.11,2,4,0,7.94,90.2,22.03,Low
Weekday,9.29,12.73,1,1,0,5.69,70.3,40.19,Moderate
Weekend,5.26,7.11,0,3,0,7.68,75.1,39.65,Low
Weekend,3.86,7.42,0,4,1,5.29,61.4,48.26,Moderate
Weekday,9.09,11.76,10,3,1,6.6,63.3,63.32,Moderate
Weekday,9.2,10.9,6,3,0,8.78,55.1,76.33,High
Weekend,5.06,8.84,1,2,0,7.34,49.1,81.99,High
Weekend,4.37,8.13,1,5,0,6.49,40.0,87.23,High
Weekend,3.0,5.19,2,1,0,7.08,46.5,85.75,High
Weekday,8.49,11.71,6,5,1,5.56,87.2,23.44,Low
Weekend,4.63,6.73,0,4,0,7.1,84.0,25.18,Low
Weekend,3.7,5.53,2,5,0,6.91,88.3,23.63,Low
Weekday,9.7,13.42,1,4,1,6.82,81.7,34.13,Low
Weekend,5.18,9.05,1,5,1,7.83,72.1,40.67,Moderate
Weekday,10.01,12.99,4,1,0,7.75,65.9,51.77,Moderate
Weekday,8.54,10.22,2,1,0,6.15,57.8,61.56,Moderate
Weekday,10.52,14.47,1,2,0,7.51,57.6,69.4,Moderate
Weekend,5.32,7.12,2,1,0,7.06,55.5,73.23,High
Weekday,8.85,10.82,3,4,0,5.77,47.4,83.11,High
Weekend,4.94,8.09,1,5,1,6.61,85.8,15.33,Low
Weekday,8.64,12.39,3,1,1,7.71,86.9,18.9,Low
Weekday,9.15,12.48,4,3,0,7.27,82.6,24.21,Low
Weekday,8.47,11.52,5,1,0,8.3,81.1,28.35,Low
Weekday,8.23,9.82,3,4,0,7.23,82.7,30.21,Low
Weekend,3.0,4.79,1,4,0,7.91,84.7,28.81,Low
Weekday,6.14,10.0,3,3,1,7.91,82.3,32.3,Low
Weekday,7.1,10.19,3,1,0,7.84,83.3,34.42,Low
Weekend,4.2,6.24,2,5,1,7.64,73.2,39.25,Low
Weekday,7.5,10.1,2,5,0,6.84,76.7,39.89,Low
Weekend,3.24,6.13,0,2,1,7.03,91.7,11.06,Low
Weekend,4.2,7.55,2,5,0,7.76,97.7,9.76,Low
Weekday,8.73,11.83,4,2,1,6.62,80.4,29.7,Low
Weekday,9.56,13.2,5,5,0,7.19,79.0,41.68,Moderate
Weekday,8.73,12.45,3,2,0,8.25,66.5,56.22,Moderate
Weekend,3.0,4.87,0,4,1,6.63,74.4,53.51,Moderate
Weekday,8.44,10.41,0,3,0,7.26,48.6,70.17,High
Weekday,9.28,12.54,3,1,0,6.36,53.9,80.0,High
Weekday,6.17,8.74,2,4,0,8.02,54.1,83.74,High
Weekday,8.85,11.37,6,4,1,6.78,40.0,102.65,High
Weekend,3.06,5.86,0,1,0,6.78,93.3,9.97,Low
Weekend,5.62,7.58,4,3,0,8.2,97.0,13.57,Low
Weekday,9.88,11.87,1,3,1,7.73,71.4,35.85,Low
Weekday,9.27,11.52,6,2,0,7.69,69.8,50.13,Moderate
Weekend,4.13,8.03,0,5,0,7.49,76.3,47.55,Moderate
Weekend,4.35,7.84,1,1,1,9.04,68.9,54.51,Moderate
Weekday,9.24,12.62,5,2,0,6.95,46.8,77.34,High
Weekend,5.41,7.99,0,1,0,8.44,50.2,78.73,High
Weekday,9.94,11.93,4,4,0,7.08,40.0,95.2,High
Weekend,5.23,7.82,0,3,0,6.58,40.0,98.09,High
Weekday,6.63,9.39,4,1,1,5.72,80.8,19.56,Low
Weekday,7.13,11.05,3,3,0,6.74,92.8,17.98,Low
Weekday,7.69,11.24,7,5,0,9.21,85.6,24.33,Low
Weekday,7.52,10.18,0,3,1,6.12,73.0,32.62,Low
Weekend,3.02,6.75,1,4,1,6.22,79.1,31.13,Low
Weekend,5.76,8.41,1,5,0,7.84,71.7,34.98,Low
Weekday,10.6,12.9,1,2,0,6.1,89.8,32.4,Low
Weekend,5.9,9.59,0,1,1,7.02,90.2,34.9,Low
Weekday,10.31,13.09,5,4,1,7.01,65.3,50.73,Moderate
Weekday,8.47,12.3,7,5,0,7.46,62.2,56.46,Moderate
Weekday,7.75,9.79,1,4,1,7.41,92.4,11.28,Low
Weekend,3.0,4.72,1,3,0,6.58,84.5,14.26,Low
Weekday,8.55,12.06,4,2,0,7.62,86.0,19.48,Low
Weekday,9.83,13.61,3,4,0,7.38,83.1,26.72,Low
Weekend,7.21,9.21,1,5,0,7.64,82.0,29.52,Low
Weekend,5.09,8.51,1,3,0,6.42,80.9,31.96,Low
Weekend,4.21,7.87,2,3,1,7.87,72.6,37.55,Low
Weekday,8.53,11.79,3,4,0,7.87,72.8,42.22,Moderate
Weekday,9.31,13.28,1,5,1,6.82,69.0,49.68,Moderate
Weekend,6.14,9.28,2,4,0,8.12,62.8,54.42,Moderate
Weekend,4.15,7.99,0,1,0,7.91,88.6,11.49,Low
Weekend,5.85,8.8,3,3,1,5.97,90.5,19.75,Low
Weekend,4.39,7.34,2,4,1,8.14,89.1,23.95,Low
Weekend,3.93,6.0,1,4,1,5.5,77.3,32.43,Low
Weekend,4.57,8.38,1,5,0,7.5,89.5,28.99,Low
Weekday,8.52,11.82,6,1,1,8.34,66.9,53.04,Moderate
Weekend,6.21,9.7,1,5,0,6.46,69.7,56.62,Moderate
Weekday,10.18,12.84,3,3,0,6.04,50.4,77.91,High
Weekend,4.16,7.9,0,3,1,7.97,48.6,81.45,High
Weekend,3.93,6.89,2,1,0,5.85,40.2,89.0,High
Weekend,5.82,7.9,3,2,0,4.89,86.6,21.77,Low
Weekend,5.91,8.23,1,5,0,8.58,89.8,22.56,Low
Weekend,5.84,8.73,2,3,0,6.12,80.4,32.59,Low
Weekday,8.07,11.5,3,4,0,8.25,62.0,48.7,Moderate
Weekday,9.04,11.05,4,3,0,6.44,53.1,64.79,Moderate
Weekend,4.51,6.41,0,1,0,7.0,56.0,65.79,Moderate
Weekday,8.43,11.08,1,5,0,8.21,52.9,73.76,High
Weekend,4.19,5.74,0,3,0,8.02,54.5,72.62,High
Weekend,3.6,5.33,0,2,0,5.23,48.7,76.44,High
Weekday,7.94,10.9,6,5,0,7.42,40.0,90.87,High
Weekend,4.9,6.63,4,4,0,6.28,83.6,18.46,Low
Weekend,6.0,9.65,2,1,0,5.74,83.7,24.62,Low
Weekend,5.59,7.1,1,5,0,8.62,91.8,22.17,Low
Weekend,3.54,5.5,1,4,0,4.5,88.0,25.04,Low
Weekend,6.61,9.12,0,5,0,7.04,76.4,32.5,Low
Weekend,5.68,8.1,0,3,1,6.11,78.3,36.38,Low
Weekday,8.91,10.58,1,5,0,7.23,67.3,46.57,Moderate
Weekday,8.53,11.76,2,4,1,5.4,60.2,59.22,Moderate
Weekend,3.44,7.21,2,1,0,6.79,55.9,63.36,Moderate
Weekend,5.02,8.46,0,4,0,8.29,59.6,62.73,Moderate
Weekday,10.69,13.7,3,1,0,6.77,93.3,18.76,Low
Weekend,5.63,7.4,1,3,1,5.69,86.1,24.22,Low
Weekday,9.92,12.86,4,5,0,7.09,78.1,32.19,Low
Weekday,7.08,9.7,0,5,1,7.03,84.9,31.98,Low
Weekend,3.99,6.23,2,4,1,8.53,81.3,34.33,Low
Weekend,3.88,7.09,0,5,1,8.97,72.1,38.09,Low
Weekday,7.46,9.19,5,1,1,7.68,75.6,41.47,Moderate
Weekday,10.42,13.94,4,4,0,7.59,66.6,50.29,Moderate
Weekday,8.34,12.11,2,5,0,6.93,63.1,55.04,Moderate
Weekend,3.59,5.66,3,5,0,6.34,71.8,52.16,Moderate
Weekday,8.21,10.62,0,1,0,7.52,87.2,18.58,Low
Weekday,9.62,12.55,1,3,1,5.18,83.3,25.7,Low
Weekday,9.09,11.03,3,5,1,7.12,84.5,29.84,Low
Weekday,10.87,13.6,3,5,0,6.68,75.9,38.49,Low
Weekday,9.75,12.74,3,5,0,6.1,70.7,45.3,Moderate
Weekend,5.05,7.65,0,3,0,6.06,70.8,46.45,Moderate
Weekday,8.63,11.75,3,3,0,6.36,62.5,54.18,Moderate
Weekend,5.15,8.92,0,4,0,5.12,64.8,54.82,Moderate
Weekend,3.54,7.41,1,5,1,6.75,64.6,55.93,Moderate
Weekend,5.96,8.73,2,2,1,7.63,64.5,58.93,Moderate
Weekday,6.51,9.01,5,4,0,9.07,102.0,7.04,Low
Weekend,5.86,8.02,2,5,0,5.6,95.7,11.88,Low
Weekday,8.06,11.3,5,5,0,4.5,89.6,20.01,Low
Weekend,4.3,6.18,3,4,0,7.27,80.9,24.57,Low
Weekday,8.47,11.25,6,3,0,8.34,80.0,30.29,Low
Weekend,4.04,6.62,1,4,0,5.21,80.8,31.07,Low
Weekday,9.82,11.87,1,1,0,7.05,68.2,41.36,Moderate
Weekday,7.06,10.96,1,2,1,8.07,78.2,41.43,Moderate
Weekend,3.5,5.27,2,4,0,7.69,70.8,44.33,Moderate
Weekday,9.91,13.56,5,1,0,7.44,77.3,48.81,Moderate
Weekend,4.03,7.1,0,5,0,5.37,91.1,11.57,Low
Weekday,10.85,13.61,3,5,1,6.62,78.6,23.35,Low
Weekend,6.24,8.46,1,5,1,4.5,82.7,25.19,Low
Weekend,6.37,9.8,1,4,1,5.03,81.1,29.69,Low
Weekend,6.65,9.39,1,4,1,7.19,73.5,35.89,Low
Weekend,7.16,10.55,0,5,0,6.05,68.5,40.44,Moderate
Weekday,10.16,12.64,1,1,0,5.36,72.1,44.96,Moderate
Weekday,8.49,10.41,3,5,0,5.34,67.8,51.12,Moderate
Weekend,4.77,7.52,1,5,0,7.58,71.7,50.07,Moderate
Weekday,9.25,12.41,2,1,0,7.62,69.9,55.86,Moderate
Weekday,8.08,10.85,3,2,0,7.77,84.9,19.53,Low
Weekend,5.85,7.95,0,2,1,8.21,89.6,22.51,Low
Weekend,4.41,7.86,0,1,1,7.44,74.3,33.06,Low
Weekday,7.85,9.8,2,5,1,7.0,75.3,41.46,Moderate
Weekend,3.0,6.08,0,1,1,6.71,71.8,45.51,Moderate
Weekend,5.4,7.06,1,1,0,5.24,66.9,52.92,Moderate
Weekday,7.45,11.21,3,2,1,8.73,56.6,67.2,Moderate
Weekend,5.3,7.56,1,1,0,6.74,52.7,73.2,High
Weekday,7.02,9.79,1,5,1,6.93,49.1,81.9,High
Weekday,8.98,10.7,3,3,0,7.17,41.6,94.99,High
Weekday,9.58,12.76,4,3,0,6.41,92.5,18.68,Low
Weekday,6.54,8.67,3,3,0,7.9,85.7,24.71,Low
Weekday,6.9,9.06,4,2,0,6.12,81.0,31.74,Low
Weekend,6.22,8.43,1,3,0,9.31,72.7,36.6,Low
Weekend,5.22,9.0,2,1,1,7.27,70.8,41.58,Moderate
Weekday,9.3,12.02,3,4,0,7.26,72.5,46.76,Moderate
Weekend,3.79,5.93,0,4,1,6.78,66.6,50.11,Moderate
Weekend,5.0,7.3,2,4,0,9.85,64.5,51.38,Moderate
Weekday,6.94,8.49,1,1,0,6.55,59.1,57.35,Moderate
Weekday,9.23,10.97,4,2,0,7.42,61.0,63.04,Moderate
Weekend,5.56,9.16,0,2,1,7.53,86.9,16.31,Low
Weekday,7.56,9.88,2,1,0,6.11,93.4,22.75,Low
Weekend,4.0,5.91,4,3,1,7.59,83.0,31.75,Low
Weekend,3.0,5.38,2,1,0,7.33,80.5,33.95,Low
Weekday,8.29,11.97,1,2,1,6.71,66.7,50.63,Moderate
Weekday,8.79,11.82,1,4,0,7.7,63.6,59.63,Moderate
Weekday,9.6,12.64,3,1,0,8.25,47.1,77.88,High
Weekday,9.19,11.85,2,5,0,7.67,43.4,87.83,High
Weekend,5.73,8.43,0,5,1,7.5,43.3,91.76,High
Weekend,4.81,7.9,0,3,1,8.38,40.0,96.1,High
Weekend,5.31,8.59,0,5,0,8.33,88.8,10.93,Low
Weekday,9.44,11.45,6,1,1,9.32,94.8,13.34,Low
Weekday,8.54,11.31,6,3,0,7.01,81.9,22.53,Low
Weekend,4.59,6.14,2,3,0,5.27,91.9,19.8,Low
Weekend,5.1,7.42,0,4,0,7.24,79.6,25.21,Low
Weekend,5.22,7.29,1,4,0,7.4,91.2,21.27,Low
Weekday,11.38,14.22,2,1,1,8.56,81.0,30.42,Low
Weekday,8.66,11.53,0,5,0,6.09,77.8,34.2,Low
Weekend,3.87,7.75,1,1,0,6.16,76.4,35.9,Low
Weekday,10.61,12.67,4,2,1,5.91,72.5,43.06,Moderate
Weekend,4.68,7.25,1,3,1,7.38,95.3,10.45,Low
Weekday,6.44,8.98,6,1,0,6.11,91.0,16.7,Low
Weekend,3.62,5.55,1,5,1,6.57,98.0,14.68,Low
Weekend,4.43,6.75,2,3,1,8.34,83.8,21.89,Low
Weekend,5.77,9.31,1,1,0,5.37,86.2,23.86,Low
Weekend,4.17,5.91,3,1,0,5.19,78.9,28.95,Low
Weekday,8.69,12.56,3,2,0,9.8,84.9,30.46,Low
Weekday,10.0,12.31,3,1,0,7.95,77.1,38.82,Low
Weekday,8.34,10.79,3,2,0,4.55,66.6,48.08,Moderate
Weekend,4.31,6.4,1,1,1,7.22,69.0,49.05,Moderate
Weekend,3.3,6.42,2,2,1,6.98,93.3,10.63,Low
Weekday,9.13,11.76,3,5,1,5.84,87.9,20.25,Low
Weekday,8.31,12.04,2,4,0,8.13,84.6,26.2,Low
Weekend,6.32,10.11,0,3,0,6.48,78.4,31.73,Low
Weekend,3.0,4.78,1,1,0,5.86,73.3,34.52,Low
Weekend,3.82,5.64,1,5,0,5.72,81.7,31.51,Low
Weekend,4.63,7.09,0,3,1,7.08,72.8,37.1,Low
Weekend,5.17,8.78,0,3,0,5.6,76.3,38.0,Low
Weekday,9.42,11.33,2,1,0,5.93,69.8,47.61,Moderate
Weekend,4.18,6.86,1,1,0,5.87,65.9,51.26,Moderate
Weekend,3.04,6.92,0,3,0,7.52,100.1,8.78,Low
Weekday,8.41,11.96,3,2,0,5.56,90.0,17.92,Low
Weekend,4.83,7.83,0,1,0,8.35,94.2,17.14,Low
Weekday,9.89,13.47,2,3,0,5.08,84.1,26.88,Low
Weekday,8.57,10.74,1,3,0,7.94,74.4,34.01,Low
Weekend,5.05,7.8,0,5,1,7.66,82.2,32.08,Low
Weekend,4.78,7.14,2,4,0,7.48,74.8,36.05,Low
Weekend,6.05,9.79,0,4,1,6.82,83.6,35.15,Low
Weekend,6.51,9.73,2,5,0,7.08,79.1,39.19,Low
Weekday,7.96,11.95,1,2,0,7.12,75.1,44.52,Moderate
Weekday,10.06,11.89,3,3,0,7.47,90.0,21.92,Low
Weekend,6.13,10.12,0,5,1,4.5,74.3,34.53,Low
Weekend,3.0,6.17,0,1,0,6.95,79.7,32.69,Low
Weekend,5.0,7.33,0,1,0,7.03,79.8,35.17,Low
Weekday,8.96,12.78,1,2,0,8.11,73.5,45.51,Moderate
Weekday,9.72,11.41,5,3,0,7.53,70.8,57.0,Moderate
Weekend,3.49,5.15,0,1,0,7.15,60.3,61.35,Moderate
Weekday,8.92,11.78,3,4,0,6.78,49.7,74.24,High
Weekend,4.11,6.13,2,3,0,7.35,43.2,78.27,High
Weekend,3.22,6.61,0,2,0,6.37,49.5,76.41,High
Weekday,6.5,9.27,5,2,1,7.04,87.1,20.52,Low
Weekday,8.82,10.41,2,3,0,6.53,80.9,28.16,Low
Weekend,4.43,7.14,2,4,0,6.0,83.2,28.94,Low
Weekend,6.07,8.4,2,2,1,8.02,81.6,33.41,Low
Weekend,3.7,6.81,0,4,0,7.87,77.1,34.75,Low
Weekday,9.52,12.29,2,5,0,6.74,72.8,41.92,Moderate
Weekday,10.32,13.5,2,2,0,6.72,64.8,52.22,Moderate
Weekend,3.0,5.85,1,3,1,6.07,73.4,50.28,Moderate
Weekday,8.7,11.41,4,4,0,8.35,64.0,59.18,Moderate
Weekday,6.81,10.17,4,4,1,6.66,51.8,69.7,Moderate
Weekday,7.24,9.09,5,4,0,7.53,79.4,23.44,Low
Weekend,4.27,5.84,1,5,1,6.12,88.6,22.35,Low
Weekday,7.28,9.68,2,3,0,7.49,76.6,32.97,Low
Weekday,9.54,12.24,5,2,0,5.7,76.0,45.94,Moderate
Weekday,8.51,10.21,1,1,1,7.64,59.0,61.81,Moderate
Weekend,3.0,4.97,0,3,1,5.65,52.8,65.89,Moderate
Weekend,5.37,8.05,1,4,0,6.22,59.4,66.35,Moderate
Weekend,3.55,6.74,0,1,1,6.31,47.6,74.36,High
Weekend,4.92,8.08,1,4,0,7.18,47.7,76.42,High
Weekend,4.94,8.17,2,4,0,5.73,55.2,77.21,High
Weekend,4.86,8.8,1,4,0,8.12,87.0,16.48,Low
Weekend,3.0,4.63,0,2,1,5.08,82.2,20.16,Low
Weekend,5.78,8.99,2,5,0,8.35,98.3,15.8,Low
Weekend,3.56,7.03,3,2,1,6.63,88.5,23.44,Low
Weekend,3.14,5.24,1,5,0,7.26,76.6,27.2,Low
Weekday,8.97,11.83,1,4,0,7.85,73.2,33.98,Low
Weekend,5.3,7.88,0,2,0,6.98,78.7,33.85,Low
Weekend,4.2,7.63,0,3,0,6.35,75.3,36.44,Low
Weekday,9.13,12.51,1,1,0,6.48,71.7,45.36,Moderate
Weekend,6.36,9.02,0,3,0,4.92,63.9,52.42,Moderate
Weekend,3.71,6.53,0,4,0,6.89,88.3,13.5,Low
Weekend,5.69,8.32,1,5,1,7.31,82.5,18.41,Low
Weekend,4.47,8.42,0,4,0,6.5,84.6,18.57,Low
Weekend,5.68,9.62,3,2,0,7.09,80.9,23.67,Low
Weekend,5.71,8.97,1,5,1,6.93,89.6,23.11,Low
Weekend,6.33,8.16,0,4,0,5.59,73.5,31.91,Low
Weekend,4.7,7.88,0,4,0,6.69,89.8,26.3,Low
Weekend,3.92,6.39,2,1,0,6.77,74.6,34.07,Low
Weekday,8.93,11.11,2,5,0,8.28,74.6,38.14,Low
Weekend,4.38,6.72,0,1,0,7.13,70.7,40.76,Moderate
